date,pos,neg
2018-01-01,0.75,0.25
2018-01-02,0.6388888888888888,0.3611111111111111
2018-01-03,0.7666666666666667,0.23333333333333334
2018-01-04,0.6333333333333333,0.36666666666666664
2018-01-05,0.5714285714285714,0.42857142857142855
2018-01-06,0.7142857142857143,0.2857142857142857
2018-01-07,0.6774193548387096,0.3225806451612903
2018-01-08,0.7419354838709677,0.25806451612903225
2018-01-09,0.5882352941176471,0.4117647058823529
2018-01-10,0.5945945945945946,0.40540540540540543
2018-01-11,0.5714285714285714,0.42857142857142855
2018-01-12,0.65625,0.34375
2018-01-13,0.72,0.28
2018-01-14,0.88,0.12
2018-01-15,0.5517241379310345,0.4482758620689655
2018-01-16,0.7272727272727273,0.2727272727272727
2018-01-17,0.6388888888888888,0.3611111111111111
2018-01-18,0.8974358974358975,0.10256410256410256
2018-01-19,0.65625,0.34375
2018-01-20,0.8,0.2
2018-01-21,0.85,0.15
2018-01-22,0.7142857142857143,0.2857142857142857
2018-01-23,0.5405405405405406,0.4594594594594595
2018-01-24,0.76,0.24
2018-01-25,0.675,0.325
2018-01-26,0.7407407407407407,0.25925925925925924
2018-01-27,0.6333333333333333,0.36666666666666664
2018-01-28,0.4782608695652174,0.5217391304347826
2018-01-29,0.8571428571428571,0.14285714285714285
2018-01-30,0.6285714285714286,0.37142857142857144
2018-01-31,0.7096774193548387,0.2903225806451613
2018-02-01,0.6666666666666666,0.3333333333333333
2018-02-02,0.7567567567567568,0.24324324324324326
2018-02-03,0.6842105263157895,0.3157894736842105
2018-02-04,0.9411764705882353,0.058823529411764705
2018-02-05,0.6666666666666666,0.3333333333333333
2018-02-06,0.696969696969697,0.30303030303030304
2018-02-07,0.59375,0.40625
2018-02-08,0.6486486486486487,0.35135135135135137
2018-02-09,0.8181818181818182,0.18181818181818182
2018-02-10,0.8181818181818182,0.18181818181818182
2018-02-11,0.7647058823529411,0.23529411764705882
2018-02-12,0.68,0.32
2018-02-13,0.7407407407407407,0.25925925925925924
2018-02-14,0.64,0.36
2018-02-15,0.6538461538461539,0.34615384615384615
2018-02-16,0.6774193548387096,0.3225806451612903
2018-02-17,0.7058823529411765,0.29411764705882354
2018-02-18,0.7692307692307693,0.23076923076923078
2018-02-19,0.8275862068965517,0.1724137931034483
2018-02-20,0.7931034482758621,0.20689655172413793
2018-02-21,0.6333333333333333,0.36666666666666664
2018-02-22,0.8387096774193549,0.16129032258064516
2018-02-23,0.9142857142857143,0.08571428571428572
2018-02-24,0.7666666666666667,0.23333333333333334
2018-02-25,0.896551724137931,0.10344827586206896
2018-02-26,0.7142857142857143,0.2857142857142857
2018-02-27,0.7428571428571429,0.2571428571428571
2018-02-28,0.8055555555555556,0.19444444444444445
2018-03-01,0.71875,0.28125
2018-03-02,0.6071428571428571,0.39285714285714285
2018-03-03,0.8421052631578947,0.15789473684210525
2018-03-04,0.8260869565217391,0.17391304347826086
2018-03-05,0.8529411764705882,0.14705882352941177
2018-03-06,0.8157894736842105,0.18421052631578946
2018-03-07,0.8125,0.1875
2018-03-08,0.8461538461538461,0.15384615384615385
2018-03-09,0.8214285714285714,0.17857142857142858
2018-03-10,0.7878787878787878,0.21212121212121213
2018-03-11,0.7741935483870968,0.22580645161290322
2018-03-12,0.5652173913043478,0.43478260869565216
2018-03-13,0.3548387096774194,0.6451612903225806
2018-03-14,0.8181818181818182,0.18181818181818182
2018-03-15,0.65625,0.34375
2018-03-16,0.7407407407407407,0.25925925925925924
2018-03-17,0.825,0.175
2018-03-18,0.7727272727272727,0.22727272727272727
2018-03-19,0.6296296296296297,0.37037037037037035
2018-03-20,0.6428571428571429,0.35714285714285715
2018-03-21,0.8108108108108109,0.1891891891891892
2018-03-22,0.5625,0.4375
2018-03-23,0.6666666666666666,0.3333333333333333
2018-03-24,0.92,0.08
2018-03-25,0.7647058823529411,0.23529411764705882
2018-03-26,0.7058823529411765,0.29411764705882354
2018-03-27,0.6153846153846154,0.38461538461538464
2018-03-28,0.71875,0.28125
2018-03-29,0.5909090909090909,0.4090909090909091
2018-03-30,0.6956521739130435,0.30434782608695654
2018-03-31,0.9038461538461539,0.09615384615384616
2018-04-01,0.8846153846153846,0.11538461538461539
2018-04-02,0.6551724137931034,0.3448275862068966
2018-04-03,0.6744186046511628,0.32558139534883723
2018-04-04,0.7368421052631579,0.2631578947368421
2018-04-05,0.7777777777777778,0.2222222222222222
2018-04-06,0.8095238095238095,0.19047619047619047
2018-04-07,0.6,0.4
2018-04-08,0.3783783783783784,0.6216216216216216
2018-04-09,0.8181818181818182,0.18181818181818182
2018-04-10,0.75,0.25
2018-04-11,0.7222222222222222,0.2777777777777778
2018-04-12,0.5517241379310345,0.4482758620689655
2018-04-13,0.7647058823529411,0.23529411764705882
2018-04-14,0.6896551724137931,0.3103448275862069
2018-04-15,0.75,0.25
2018-04-16,0.7241379310344828,0.27586206896551724
2018-04-17,0.8857142857142857,0.11428571428571428
2018-04-18,0.72,0.28
2018-04-19,0.5333333333333333,0.4666666666666667
2018-04-20,0.6388888888888888,0.3611111111111111
2018-04-21,0.8333333333333334,0.16666666666666666
2018-04-22,0.8823529411764706,0.11764705882352941
2018-04-23,0.8709677419354839,0.12903225806451613
2018-04-24,0.6060606060606061,0.3939393939393939
2018-04-25,0.4827586206896552,0.5172413793103449
2018-04-26,0.7058823529411765,0.29411764705882354
2018-04-27,0.5833333333333334,0.4166666666666667
2018-04-28,0.7435897435897436,0.2564102564102564
2018-04-29,0.65625,0.34375
2018-04-30,0.6896551724137931,0.3103448275862069
2018-05-01,0.7241379310344828,0.27586206896551724
2018-05-02,0.7307692307692307,0.2692307692307692
2018-05-03,0.6363636363636364,0.36363636363636365
2018-05-04,0.7428571428571429,0.2571428571428571
2018-05-05,0.9259259259259259,0.07407407407407407
2018-05-06,0.9,0.1
2018-05-07,0.7105263157894737,0.2894736842105263
2018-05-08,0.6666666666666666,0.3333333333333333
2018-05-09,0.8857142857142857,0.11428571428571428
2018-05-10,0.6666666666666666,0.3333333333333333
2018-05-11,0.6585365853658537,0.34146341463414637
2018-05-12,0.7916666666666666,0.20833333333333334
2018-05-13,0.6521739130434783,0.34782608695652173
2018-05-14,0.6363636363636364,0.36363636363636365
2018-05-15,0.8611111111111112,0.1388888888888889
2018-05-16,0.8421052631578947,0.15789473684210525
2018-05-17,0.6,0.4
2018-05-18,0.6388888888888888,0.3611111111111111
2018-05-19,0.5333333333333333,0.4666666666666667
2018-05-20,0.6875,0.3125
2018-05-21,0.6071428571428571,0.39285714285714285
2018-05-22,0.6153846153846154,0.38461538461538464
2018-05-23,0.6538461538461539,0.34615384615384615
2018-05-24,0.7407407407407407,0.25925925925925924
2018-05-25,0.696969696969697,0.30303030303030304
2018-05-26,0.76,0.24
2018-05-27,0.8,0.2
2018-05-28,0.7307692307692307,0.2692307692307692
2018-05-29,0.7857142857142857,0.21428571428571427
2018-05-30,0.6571428571428571,0.34285714285714286
2018-05-31,0.59375,0.40625
2018-06-01,0.8529411764705882,0.14705882352941177
2018-06-02,0.6521739130434783,0.34782608695652173
2018-06-03,0.7045454545454546,0.29545454545454547
2018-06-04,0.6052631578947368,0.39473684210526316
2018-06-05,0.5365853658536586,0.4634146341463415
2018-06-06,0.84375,0.15625
2018-06-07,0.675,0.325
2018-06-08,0.5714285714285714,0.42857142857142855
2018-06-09,0.6764705882352942,0.3235294117647059
2018-06-10,0.6052631578947368,0.39473684210526316
2018-06-11,0.5681818181818182,0.4318181818181818
2018-06-12,0.6571428571428571,0.34285714285714286
2018-06-13,0.7941176470588235,0.20588235294117646
2018-06-14,0.5483870967741935,0.45161290322580644
2018-06-15,0.5517241379310345,0.4482758620689655
2018-06-16,1.0,0.0
2018-06-17,0.6363636363636364,0.36363636363636365
2018-06-18,0.725,0.275
2018-06-19,0.5161290322580645,0.4838709677419355
2018-06-20,0.6756756756756757,0.32432432432432434
2018-06-21,0.5333333333333333,0.4666666666666667
2018-06-22,0.5111111111111111,0.4888888888888889
2018-06-23,0.7142857142857143,0.2857142857142857
2018-06-24,0.6153846153846154,0.38461538461538464
2018-06-25,0.4074074074074074,0.5925925925925926
2018-06-26,0.5666666666666667,0.43333333333333335
2018-06-27,0.9310344827586207,0.06896551724137931
2018-06-28,0.6071428571428571,0.39285714285714285
2018-06-29,0.6,0.4
2018-06-30,0.7647058823529411,0.23529411764705882
2018-07-01,0.8,0.2
2018-07-02,0.5862068965517241,0.41379310344827586
2018-07-03,0.6428571428571429,0.35714285714285715
2018-07-04,0.7307692307692307,0.2692307692307692
2018-07-05,0.675,0.325
2018-07-06,0.5897435897435898,0.41025641025641024
2018-07-07,0.6521739130434783,0.34782608695652173
2018-07-08,0.625,0.375
2018-07-09,0.78125,0.21875
2018-07-10,0.7777777777777778,0.2222222222222222
2018-07-11,0.625,0.375
2018-07-12,0.8125,0.1875
2018-07-13,0.76,0.24
2018-07-14,0.8064516129032258,0.1935483870967742
2018-07-15,0.9259259259259259,0.07407407407407407
2018-07-16,0.7142857142857143,0.2857142857142857
2018-07-17,0.7777777777777778,0.2222222222222222
2018-07-18,0.7714285714285715,0.22857142857142856
2018-07-19,0.7837837837837838,0.21621621621621623
2018-07-20,0.6857142857142857,0.3142857142857143
2018-07-21,0.3888888888888889,0.6111111111111112
2018-07-22,0.8846153846153846,0.11538461538461539
2018-07-23,0.7058823529411765,0.29411764705882354
2018-07-24,0.53125,0.46875
2018-07-25,0.7419354838709677,0.25806451612903225
2018-07-26,0.7037037037037037,0.2962962962962963
2018-07-27,0.6774193548387096,0.3225806451612903
2018-07-28,0.6470588235294118,0.35294117647058826
2018-07-29,0.84,0.16
2018-07-30,0.59375,0.40625
2018-07-31,0.7142857142857143,0.2857142857142857
2018-08-01,0.8076923076923077,0.19230769230769232
2018-08-02,0.8125,0.1875
2018-08-03,0.6206896551724138,0.3793103448275862
2018-08-04,0.7692307692307693,0.23076923076923078
2018-08-05,0.9259259259259259,0.07407407407407407
2018-08-06,0.5714285714285714,0.42857142857142855
2018-08-07,0.71875,0.28125
2018-08-08,0.75,0.25
2018-08-09,0.7741935483870968,0.22580645161290322
2018-08-10,0.7096774193548387,0.2903225806451613
2018-08-11,0.7692307692307693,0.23076923076923078
2018-08-12,0.7692307692307693,0.23076923076923078
2018-08-13,0.68,0.32
2018-08-14,0.7,0.3
2018-08-15,0.55,0.45
2018-08-16,0.6451612903225806,0.3548387096774194
2018-08-17,0.6666666666666666,0.3333333333333333
2018-08-18,0.8260869565217391,0.17391304347826086
2018-08-19,0.7142857142857143,0.2857142857142857
2018-08-20,0.6111111111111112,0.3888888888888889
2018-08-21,0.7575757575757576,0.24242424242424243
2018-08-22,0.7575757575757576,0.24242424242424243
2018-08-23,0.7142857142857143,0.2857142857142857
2018-08-24,0.75,0.25
2018-08-25,0.75,0.25
2018-08-26,0.64,0.36
2018-08-27,0.7307692307692307,0.2692307692307692
2018-08-28,0.6470588235294118,0.35294117647058826
2018-08-29,0.72,0.28
2018-08-30,0.7419354838709677,0.25806451612903225
2018-08-31,0.6153846153846154,0.38461538461538464
2018-09-01,0.9230769230769231,0.07692307692307693
2018-09-02,0.8,0.2
2018-09-03,0.6785714285714286,0.32142857142857145
2018-09-04,0.6428571428571429,0.35714285714285715
2018-09-05,0.7407407407407407,0.25925925925925924
2018-09-06,0.7142857142857143,0.2857142857142857
2018-09-07,0.6388888888888888,0.3611111111111111
2018-09-08,0.6764705882352942,0.3235294117647059
2018-09-09,0.6896551724137931,0.3103448275862069
2018-09-10,0.5555555555555556,0.4444444444444444
2018-09-11,0.76,0.24
2018-09-12,0.7,0.3
2018-09-13,0.6538461538461539,0.34615384615384615
2018-09-14,0.7096774193548387,0.2903225806451613
2018-09-15,0.8,0.2
2018-09-16,0.8461538461538461,0.15384615384615385
2018-09-17,0.45454545454545453,0.5454545454545454
2018-09-18,0.6,0.4
2018-09-19,0.7407407407407407,0.25925925925925924
2018-09-20,0.6296296296296297,0.37037037037037035
2018-09-21,0.5833333333333334,0.4166666666666667
2018-09-22,0.6551724137931034,0.3448275862068966
2018-09-23,0.5294117647058824,0.47058823529411764
2018-09-24,0.7941176470588235,0.20588235294117646
2018-09-25,0.71875,0.28125
2018-09-26,0.8620689655172413,0.13793103448275862
2018-09-27,0.7058823529411765,0.29411764705882354
2018-09-28,0.78125,0.21875
2018-09-29,0.6666666666666666,0.3333333333333333
2018-09-30,0.7142857142857143,0.2857142857142857
2018-10-01,0.5185185185185185,0.48148148148148145
2018-10-02,0.6428571428571429,0.35714285714285715
2018-10-03,0.5185185185185185,0.48148148148148145
2018-10-04,0.6153846153846154,0.38461538461538464
2018-10-05,0.5925925925925926,0.4074074074074074
2018-10-06,0.6956521739130435,0.30434782608695654
2018-10-07,0.8333333333333334,0.16666666666666666
2018-10-08,0.6,0.4
2018-10-09,0.8571428571428571,0.14285714285714285
2018-10-10,0.625,0.375
2018-10-11,0.5217391304347826,0.4782608695652174
2018-10-12,0.7241379310344828,0.27586206896551724
2018-10-13,0.6,0.4
2018-10-14,0.8260869565217391,0.17391304347826086
2018-10-15,0.5714285714285714,0.42857142857142855
2018-10-16,0.7096774193548387,0.2903225806451613
2018-10-17,0.71875,0.28125
2018-10-18,0.5806451612903226,0.41935483870967744
2018-10-19,0.6,0.4
2018-10-20,0.6538461538461539,0.34615384615384615
2018-10-21,0.6071428571428571,0.39285714285714285
2018-10-22,0.5185185185185185,0.48148148148148145
2018-10-23,0.6666666666666666,0.3333333333333333
2018-10-24,0.5555555555555556,0.4444444444444444
2018-10-25,0.7714285714285715,0.22857142857142856
2018-10-26,0.75,0.25
2018-10-27,0.7096774193548387,0.2903225806451613
2018-10-28,0.72,0.28
2018-10-29,0.5,0.5
2018-10-30,0.75,0.25
2018-10-31,0.8666666666666667,0.13333333333333333
2018-11-01,0.6060606060606061,0.3939393939393939
2018-11-02,0.7631578947368421,0.23684210526315788
2018-11-03,0.6923076923076923,0.3076923076923077
2018-11-04,0.75,0.25
2018-11-05,0.7241379310344828,0.27586206896551724
2018-11-06,0.75,0.25
2018-11-07,0.8148148148148148,0.18518518518518517
2018-11-08,0.6129032258064516,0.3870967741935484
2018-11-09,0.6666666666666666,0.3333333333333333
2018-11-10,0.7916666666666666,0.20833333333333334
2018-11-11,0.8666666666666667,0.13333333333333333
2018-11-12,0.7307692307692307,0.2692307692307692
2018-11-13,0.6923076923076923,0.3076923076923077
2018-11-14,0.6428571428571429,0.35714285714285715
2018-11-15,0.7575757575757576,0.24242424242424243
2018-11-16,0.6285714285714286,0.37142857142857144
2018-11-17,0.7096774193548387,0.2903225806451613
2018-11-18,0.7727272727272727,0.22727272727272727
2018-11-19,0.4375,0.5625
2018-11-20,0.6764705882352942,0.3235294117647059
2018-11-21,0.68,0.32
2018-11-22,0.6153846153846154,0.38461538461538464
2018-11-23,0.5,0.5
2018-11-24,0.7777777777777778,0.2222222222222222
2018-11-25,0.6666666666666666,0.3333333333333333
2018-11-26,0.8,0.2
2018-11-27,0.6923076923076923,0.3076923076923077
2018-11-28,0.8484848484848485,0.15151515151515152
2018-11-29,0.7352941176470589,0.2647058823529412
2018-11-30,0.6875,0.3125
2018-12-01,0.7777777777777778,0.2222222222222222
2018-12-02,0.7419354838709677,0.25806451612903225
2018-12-03,0.4666666666666667,0.5333333333333333
2018-12-04,0.631578947368421,0.3684210526315789
2018-12-05,0.6923076923076923,0.3076923076923077
2018-12-06,0.56,0.44
2018-12-07,0.8333333333333334,0.16666666666666666
2018-12-08,0.55,0.45
2018-12-09,0.5,0.5
2018-12-10,0.64,0.36
2018-12-11,0.7105263157894737,0.2894736842105263
2018-12-12,0.7931034482758621,0.20689655172413793
2018-12-13,0.9090909090909091,0.09090909090909091
2018-12-14,0.8484848484848485,0.15151515151515152
2018-12-15,0.6521739130434783,0.34782608695652173
2018-12-16,0.8,0.2
2018-12-17,0.6774193548387096,0.3225806451612903
2018-12-18,0.7586206896551724,0.2413793103448276
2018-12-19,0.7647058823529411,0.23529411764705882
2018-12-20,0.5454545454545454,0.45454545454545453
2018-12-21,0.6,0.4
2018-12-22,0.6923076923076923,0.3076923076923077
2018-12-23,0.4827586206896552,0.5172413793103449
2018-12-24,0.5161290322580645,0.4838709677419355
2018-12-25,0.5333333333333333,0.4666666666666667
2018-12-26,0.7027027027027027,0.2972972972972973
2018-12-27,0.6764705882352942,0.3235294117647059
2018-12-28,0.76,0.24
2018-12-29,0.7,0.3
2018-12-30,0.6842105263157895,0.3157894736842105
2018-12-31,0.7037037037037037,0.2962962962962963
2019-01-01,0.75,0.25
2019-01-02,0.4782608695652174,0.5217391304347826
2019-01-03,0.6470588235294118,0.35294117647058826
2019-01-04,0.5666666666666667,0.43333333333333335
2019-01-05,0.7142857142857143,0.2857142857142857
2019-01-06,0.782608695652174,0.21739130434782608
2019-01-07,0.5769230769230769,0.4230769230769231
2019-01-08,0.6296296296296297,0.37037037037037035
2019-01-09,0.7241379310344828,0.27586206896551724
2019-01-10,0.6470588235294118,0.35294117647058826
2019-01-11,0.5454545454545454,0.45454545454545453
2019-01-12,0.6176470588235294,0.38235294117647056
2019-01-13,0.6,0.4
2019-01-14,0.5,0.5
2019-01-15,0.7142857142857143,0.2857142857142857
2019-01-16,0.78125,0.21875
2019-01-17,0.7058823529411765,0.29411764705882354
2019-01-18,0.8620689655172413,0.13793103448275862
2019-01-19,0.7272727272727273,0.2727272727272727
2019-01-20,0.6666666666666666,0.3333333333333333
2019-01-21,0.6538461538461539,0.34615384615384615
2019-01-22,0.7575757575757576,0.24242424242424243
2019-01-23,0.7333333333333333,0.26666666666666666
2019-01-24,0.5806451612903226,0.41935483870967744
2019-01-25,0.6129032258064516,0.3870967741935484
2019-01-26,0.7142857142857143,0.2857142857142857
2019-01-27,0.7142857142857143,0.2857142857142857
2019-01-28,0.6190476190476191,0.38095238095238093
2019-01-29,0.6666666666666666,0.3333333333333333
2019-01-30,0.7777777777777778,0.2222222222222222
2019-01-31,0.8333333333333334,0.16666666666666666
2019-02-01,0.7666666666666667,0.23333333333333334
2019-02-02,0.7352941176470589,0.2647058823529412
2019-02-03,0.6875,0.3125
2019-02-04,0.6451612903225806,0.3548387096774194
2019-02-05,0.5666666666666667,0.43333333333333335
2019-02-06,0.6923076923076923,0.3076923076923077
2019-02-07,0.5142857142857142,0.4857142857142857
2019-02-08,0.5862068965517241,0.41379310344827586
2019-02-09,0.8333333333333334,0.16666666666666666
2019-02-10,0.8076923076923077,0.19230769230769232
2019-02-11,0.6571428571428571,0.34285714285714286
2019-02-12,0.5428571428571428,0.45714285714285713
2019-02-13,0.5882352941176471,0.4117647058823529
2019-02-14,0.6111111111111112,0.3888888888888889
2019-02-15,0.6388888888888888,0.3611111111111111
2019-02-16,0.6666666666666666,0.3333333333333333
2019-02-17,0.8181818181818182,0.18181818181818182
2019-02-18,0.6285714285714286,0.37142857142857144
2019-02-19,0.7407407407407407,0.25925925925925924
2019-02-20,0.5,0.5
2019-02-21,0.8709677419354839,0.12903225806451613
2019-02-22,0.7,0.3
2019-02-23,0.7407407407407407,0.25925925925925924
2019-02-24,0.6551724137931034,0.3448275862068966
2019-02-25,0.6875,0.3125
2019-02-26,0.6571428571428571,0.34285714285714286
2019-02-27,0.7209302325581395,0.27906976744186046
2019-02-28,0.7567567567567568,0.24324324324324326
2019-03-01,0.6896551724137931,0.3103448275862069
2019-03-02,0.7857142857142857,0.21428571428571427
2019-03-03,0.7,0.3
2019-03-04,0.5925925925925926,0.4074074074074074
2019-03-05,0.6,0.4
2019-03-06,0.5945945945945946,0.40540540540540543
2019-03-07,0.5897435897435898,0.41025641025641024
2019-03-08,0.7368421052631579,0.2631578947368421
2019-03-09,0.7142857142857143,0.2857142857142857
2019-03-10,0.7333333333333333,0.26666666666666666
2019-03-11,0.7037037037037037,0.2962962962962963
2019-03-12,0.6451612903225806,0.3548387096774194
2019-03-13,0.7647058823529411,0.23529411764705882
2019-03-14,0.75,0.25
2019-03-15,0.7692307692307693,0.23076923076923078
2019-03-16,0.8148148148148148,0.18518518518518517
2019-03-17,0.6666666666666666,0.3333333333333333
2019-03-18,0.6785714285714286,0.32142857142857145
2019-03-19,0.6774193548387096,0.3225806451612903
2019-03-20,0.8,0.2
2019-03-21,0.75,0.25
2019-03-22,0.7142857142857143,0.2857142857142857
2019-03-23,0.7619047619047619,0.23809523809523808
2019-03-24,0.7692307692307693,0.23076923076923078
2019-03-25,0.7714285714285715,0.22857142857142856
2019-03-26,0.7222222222222222,0.2777777777777778
2019-03-27,0.6944444444444444,0.3055555555555556
2019-03-28,0.6206896551724138,0.3793103448275862
2019-03-29,0.7096774193548387,0.2903225806451613
2019-03-30,0.7142857142857143,0.2857142857142857
2019-03-31,0.5833333333333334,0.4166666666666667
2019-04-01,0.6470588235294118,0.35294117647058826
2019-04-02,0.8055555555555556,0.19444444444444445
2019-04-03,0.6857142857142857,0.3142857142857143
2019-04-04,0.7058823529411765,0.29411764705882354
2019-04-05,0.71875,0.28125
2019-04-06,0.6190476190476191,0.38095238095238093
2019-04-07,0.5769230769230769,0.4230769230769231
2019-04-08,0.6363636363636364,0.36363636363636365
2019-04-09,0.7027027027027027,0.2972972972972973
2019-04-10,0.76,0.24
2019-04-11,0.8333333333333334,0.16666666666666666
2019-04-12,0.7941176470588235,0.20588235294117646
2019-04-13,0.6296296296296297,0.37037037037037035
2019-04-14,0.6896551724137931,0.3103448275862069
2019-04-15,0.6875,0.3125
2019-04-16,0.6,0.4
2019-04-17,0.7741935483870968,0.22580645161290322
2019-04-18,0.7931034482758621,0.20689655172413793
2019-04-19,0.7419354838709677,0.25806451612903225
2019-04-20,0.8333333333333334,0.16666666666666666
2019-04-21,0.8181818181818182,0.18181818181818182
2019-04-22,0.5897435897435898,0.41025641025641024
2019-04-23,0.7272727272727273,0.2727272727272727
2019-04-24,0.78125,0.21875
2019-04-25,0.78125,0.21875
2019-04-26,0.7142857142857143,0.2857142857142857
2019-04-27,0.7666666666666667,0.23333333333333334
2019-04-28,0.7692307692307693,0.23076923076923078
2019-04-29,0.7058823529411765,0.29411764705882354
2019-04-30,0.7878787878787878,0.21212121212121213
2019-05-01,0.5769230769230769,0.4230769230769231
2019-05-02,0.8,0.2
2019-05-03,0.8235294117647058,0.17647058823529413
2019-05-04,0.6888888888888889,0.3111111111111111
2019-05-05,0.7714285714285715,0.22857142857142856
2019-05-06,0.5135135135135135,0.4864864864864865
2019-05-07,0.6774193548387096,0.3225806451612903
2019-05-08,0.8108108108108109,0.1891891891891892
2019-05-09,0.6206896551724138,0.3793103448275862
2019-05-10,0.6285714285714286,0.37142857142857144
2019-05-11,0.75,0.25
2019-05-12,0.6296296296296297,0.37037037037037035
2019-05-13,0.6551724137931034,0.3448275862068966
2019-05-14,0.6774193548387096,0.3225806451612903
2019-05-15,0.7333333333333333,0.26666666666666666
2019-05-16,0.7037037037037037,0.2962962962962963
2019-05-17,0.7352941176470589,0.2647058823529412
2019-05-18,0.6956521739130435,0.30434782608695654
2019-05-19,0.5882352941176471,0.4117647058823529
2019-05-20,0.6756756756756757,0.32432432432432434
2019-05-21,0.7,0.3
2019-05-22,0.7916666666666666,0.20833333333333334
2019-05-23,0.7692307692307693,0.23076923076923078
2019-05-24,0.8,0.2
2019-05-25,0.6818181818181818,0.3181818181818182
2019-05-26,0.6,0.4
2019-05-27,0.75,0.25
2019-05-28,0.7916666666666666,0.20833333333333334
2019-05-29,0.6388888888888888,0.3611111111111111
2019-05-30,0.8,0.2
2019-05-31,0.7941176470588235,0.20588235294117646
2019-06-01,0.88,0.12
2019-06-02,0.52,0.48
2019-06-03,0.5333333333333333,0.4666666666666667
2019-06-04,0.8181818181818182,0.18181818181818182
2019-06-05,0.7586206896551724,0.2413793103448276
2019-06-06,0.8064516129032258,0.1935483870967742
2019-06-07,0.7333333333333333,0.26666666666666666
2019-06-08,0.696969696969697,0.30303030303030304
2019-06-09,0.7941176470588235,0.20588235294117646
2019-06-10,0.75,0.25
2019-06-11,0.8333333333333334,0.16666666666666666
2019-06-12,0.8571428571428571,0.14285714285714285
2019-06-13,0.7837837837837838,0.21621621621621623
2019-06-14,0.6538461538461539,0.34615384615384615
2019-06-15,0.6551724137931034,0.3448275862068966
2019-06-16,0.4782608695652174,0.5217391304347826
2019-06-17,0.5454545454545454,0.45454545454545453
2019-06-18,0.6060606060606061,0.3939393939393939
2019-06-19,0.75,0.25
2019-06-20,0.6666666666666666,0.3333333333333333
2019-06-21,0.7272727272727273,0.2727272727272727
2019-06-22,0.7,0.3
2019-06-23,0.8620689655172413,0.13793103448275862
2019-06-24,0.6333333333333333,0.36666666666666664
2019-06-25,0.7,0.3
2019-06-26,0.725,0.275
2019-06-27,0.7692307692307693,0.23076923076923078
2019-06-28,0.6097560975609756,0.3902439024390244
2019-06-29,0.78125,0.21875
2019-06-30,0.8421052631578947,0.15789473684210525
2019-07-01,0.7222222222222222,0.2777777777777778
2019-07-02,0.6785714285714286,0.32142857142857145
2019-07-03,0.7105263157894737,0.2894736842105263
2019-07-04,0.7352941176470589,0.2647058823529412
2019-07-05,0.6363636363636364,0.36363636363636365
2019-07-06,0.7241379310344828,0.27586206896551724
2019-07-07,0.7727272727272727,0.22727272727272727
2019-07-08,0.696969696969697,0.30303030303030304
2019-07-09,0.75,0.25
2019-07-10,0.7333333333333333,0.26666666666666666
2019-07-11,0.6551724137931034,0.3448275862068966
2019-07-12,0.7837837837837838,0.21621621621621623
2019-07-13,0.6956521739130435,0.30434782608695654
2019-07-14,0.7931034482758621,0.20689655172413793
2019-07-15,0.6363636363636364,0.36363636363636365
2019-07-16,0.5151515151515151,0.48484848484848486
2019-07-17,0.7,0.3
2019-07-18,0.7407407407407407,0.25925925925925924
2019-07-19,0.6111111111111112,0.3888888888888889
2019-07-20,0.8076923076923077,0.19230769230769232
2019-07-21,0.7083333333333334,0.2916666666666667
2019-07-22,0.7666666666666667,0.23333333333333334
2019-07-23,0.7391304347826086,0.2608695652173913
2019-07-24,0.6,0.4
2019-07-25,0.5882352941176471,0.4117647058823529
2019-07-26,0.6,0.4
2019-07-27,0.7777777777777778,0.2222222222222222
2019-07-28,0.7096774193548387,0.2903225806451613
2019-07-29,0.6666666666666666,0.3333333333333333
2019-07-30,0.7352941176470589,0.2647058823529412
2019-07-31,0.7142857142857143,0.2857142857142857
2019-08-01,0.6774193548387096,0.3225806451612903
2019-08-02,0.5757575757575758,0.42424242424242425
2019-08-03,0.7567567567567568,0.24324324324324326
2019-08-04,0.72,0.28
2019-08-05,0.7037037037037037,0.2962962962962963
2019-08-06,0.6129032258064516,0.3870967741935484
2019-08-07,0.8148148148148148,0.18518518518518517
2019-08-08,0.8484848484848485,0.15151515151515152
2019-08-09,0.6363636363636364,0.36363636363636365
2019-08-10,0.75,0.25
2019-08-11,0.8695652173913043,0.13043478260869565
2019-08-12,0.6216216216216216,0.3783783783783784
2019-08-13,0.6363636363636364,0.36363636363636365
2019-08-14,0.625,0.375
2019-08-15,0.7878787878787878,0.21212121212121213
2019-08-16,0.5833333333333334,0.4166666666666667
2019-08-17,0.52,0.48
2019-08-18,0.6666666666666666,0.3333333333333333
2019-08-19,0.78125,0.21875
2019-08-20,0.7333333333333333,0.26666666666666666
2019-08-21,0.6,0.4
2019-08-22,0.6388888888888888,0.3611111111111111
2019-08-23,0.6785714285714286,0.32142857142857145
2019-08-24,0.7096774193548387,0.2903225806451613
2019-08-25,0.7368421052631579,0.2631578947368421
2019-08-26,0.75,0.25
2019-08-27,0.6944444444444444,0.3055555555555556
2019-08-28,0.625,0.375
2019-08-29,0.696969696969697,0.30303030303030304
2019-08-30,0.7878787878787878,0.21212121212121213
2019-08-31,0.625,0.375
2019-09-01,0.6956521739130435,0.30434782608695654
2019-09-02,0.7586206896551724,0.2413793103448276
2019-09-03,0.6666666666666666,0.3333333333333333
2019-09-04,0.7045454545454546,0.29545454545454547
2019-09-05,0.6923076923076923,0.3076923076923077
2019-09-06,0.7142857142857143,0.2857142857142857
2019-09-07,0.75,0.25
2019-09-08,0.6666666666666666,0.3333333333333333
2019-09-09,0.75,0.25
2019-09-10,0.7,0.3
2019-09-11,0.5,0.5
2019-09-12,0.7272727272727273,0.2727272727272727
2019-09-13,0.7741935483870968,0.22580645161290322
2019-09-14,0.8837209302325582,0.11627906976744186
2019-09-15,0.7307692307692307,0.2692307692307692
2019-09-16,0.6571428571428571,0.34285714285714286
2019-09-17,0.5882352941176471,0.4117647058823529
2019-09-18,0.6285714285714286,0.37142857142857144
2019-09-19,0.8333333333333334,0.16666666666666666
2019-09-20,0.7222222222222222,0.2777777777777778
2019-09-21,0.7407407407407407,0.25925925925925924
2019-09-22,0.6071428571428571,0.39285714285714285
2019-09-23,0.7714285714285715,0.22857142857142856
2019-09-24,0.6666666666666666,0.3333333333333333
2019-09-25,0.8125,0.1875
2019-09-26,0.918918918918919,0.08108108108108109
2019-09-27,0.7435897435897436,0.2564102564102564
2019-09-28,0.6896551724137931,0.3103448275862069
2019-09-29,0.7407407407407407,0.25925925925925924
2019-09-30,0.8837209302325582,0.11627906976744186
2019-10-01,0.7777777777777778,0.2222222222222222
2019-10-02,0.5625,0.4375
2019-10-03,0.6666666666666666,0.3333333333333333
2019-10-04,0.7352941176470589,0.2647058823529412
2019-10-05,0.65,0.35
2019-10-06,0.8148148148148148,0.18518518518518517
2019-10-07,0.7666666666666667,0.23333333333333334
2019-10-08,0.6551724137931034,0.3448275862068966
2019-10-09,0.6551724137931034,0.3448275862068966
2019-10-10,0.8205128205128205,0.1794871794871795
2019-10-11,0.7096774193548387,0.2903225806451613
2019-10-12,0.7142857142857143,0.2857142857142857
2019-10-13,0.6129032258064516,0.3870967741935484
2019-10-14,0.7435897435897436,0.2564102564102564
2019-10-15,0.6451612903225806,0.3548387096774194
2019-10-16,0.6923076923076923,0.3076923076923077
2019-10-17,0.7058823529411765,0.29411764705882354
2019-10-18,0.6764705882352942,0.3235294117647059
2019-10-19,0.7,0.3
2019-10-20,0.5925925925925926,0.4074074074074074
2019-10-21,0.7142857142857143,0.2857142857142857
2019-10-22,0.53125,0.46875
2019-10-23,0.6875,0.3125
2019-10-24,0.7073170731707317,0.2926829268292683
2019-10-25,0.8125,0.1875
2019-10-26,0.8387096774193549,0.16129032258064516
2019-10-27,0.7272727272727273,0.2727272727272727
2019-10-28,0.8648648648648649,0.13513513513513514
2019-10-29,0.8064516129032258,0.1935483870967742
2019-10-30,0.7575757575757576,0.24242424242424243
2019-10-31,0.7575757575757576,0.24242424242424243
2019-11-01,0.6764705882352942,0.3235294117647059
2019-11-02,0.7857142857142857,0.21428571428571427
2019-11-03,0.7931034482758621,0.20689655172413793
2019-11-04,0.825,0.175
2019-11-05,0.8048780487804879,0.1951219512195122
2019-11-06,0.8285714285714286,0.17142857142857143
2019-11-07,0.7647058823529411,0.23529411764705882
2019-11-08,0.7058823529411765,0.29411764705882354
2019-11-09,0.6578947368421053,0.34210526315789475
2019-11-10,0.8,0.2
2019-11-11,0.7352941176470589,0.2647058823529412
2019-11-12,0.7241379310344828,0.27586206896551724
2019-11-13,0.5675675675675675,0.43243243243243246
2019-11-14,0.6129032258064516,0.3870967741935484
2019-11-15,0.7931034482758621,0.20689655172413793
2019-11-16,0.7894736842105263,0.21052631578947367
2019-11-17,0.696969696969697,0.30303030303030304
2019-11-18,0.7714285714285715,0.22857142857142856
2019-11-19,0.7714285714285715,0.22857142857142856
2019-11-20,0.7073170731707317,0.2926829268292683
2019-11-21,0.6756756756756757,0.32432432432432434
2019-11-22,0.8181818181818182,0.18181818181818182
2019-11-23,0.7666666666666667,0.23333333333333334
2019-11-24,0.6875,0.3125
2019-11-25,0.7575757575757576,0.24242424242424243
2019-11-26,0.7037037037037037,0.2962962962962963
2019-11-27,0.5483870967741935,0.45161290322580644
2019-11-28,0.8148148148148148,0.18518518518518517
2019-11-29,0.6875,0.3125
2019-11-30,0.6,0.4
2019-12-01,0.8571428571428571,0.14285714285714285
2019-12-02,0.7222222222222222,0.2777777777777778
2019-12-03,0.65625,0.34375
2019-12-04,0.875,0.125
2019-12-05,0.5757575757575758,0.42424242424242425
2019-12-06,0.7297297297297297,0.2702702702702703
2019-12-07,0.6764705882352942,0.3235294117647059
2019-12-08,0.5909090909090909,0.4090909090909091
2019-12-09,0.7073170731707317,0.2926829268292683
2019-12-10,0.6363636363636364,0.36363636363636365
2019-12-11,0.6896551724137931,0.3103448275862069
2019-12-12,0.6333333333333333,0.36666666666666664
2019-12-13,0.7027027027027027,0.2972972972972973
2019-12-14,0.6296296296296297,0.37037037037037035
2019-12-15,0.7352941176470589,0.2647058823529412
2019-12-16,0.6756756756756757,0.32432432432432434
2019-12-17,0.75,0.25
2019-12-18,0.71875,0.28125
2019-12-19,0.7027027027027027,0.2972972972972973
2019-12-20,0.7837837837837838,0.21621621621621623
2019-12-21,0.5925925925925926,0.4074074074074074
2019-12-22,0.8,0.2
2019-12-23,0.5517241379310345,0.4482758620689655
2019-12-24,0.7586206896551724,0.2413793103448276
2019-12-25,0.7083333333333334,0.2916666666666667
2019-12-26,0.7142857142857143,0.2857142857142857
2019-12-27,0.8387096774193549,0.16129032258064516
2019-12-28,0.8636363636363636,0.13636363636363635
2019-12-29,0.6333333333333333,0.36666666666666664
2019-12-30,0.8205128205128205,0.1794871794871795
2019-12-31,0.7560975609756098,0.24390243902439024
2020-01-01,0.7,0.3
2020-01-02,0.75,0.25
2020-01-03,0.6097560975609756,0.3902439024390244
2020-01-04,0.7096774193548387,0.2903225806451613
2020-01-05,0.7037037037037037,0.2962962962962963
2020-01-06,0.6486486486486487,0.35135135135135137
2020-01-07,0.5454545454545454,0.45454545454545453
2020-01-08,0.6857142857142857,0.3142857142857143
2020-01-09,0.7142857142857143,0.2857142857142857
2020-01-10,0.6666666666666666,0.3333333333333333
2020-01-11,0.6785714285714286,0.32142857142857145
2020-01-12,0.5,0.5
2020-01-13,0.7586206896551724,0.2413793103448276
2020-01-14,0.48484848484848486,0.5151515151515151
2020-01-15,0.6333333333333333,0.36666666666666664
2020-01-16,0.6,0.4
2020-01-17,0.7741935483870968,0.22580645161290322
2020-01-18,0.76,0.24
2020-01-19,0.7857142857142857,0.21428571428571427
2020-01-20,0.8181818181818182,0.18181818181818182
2020-01-21,0.6785714285714286,0.32142857142857145
2020-01-22,0.7105263157894737,0.2894736842105263
2020-01-23,0.625,0.375
2020-01-24,0.5151515151515151,0.48484848484848486
2020-01-25,0.6153846153846154,0.38461538461538464
2020-01-26,0.8095238095238095,0.19047619047619047
2020-01-27,0.68,0.32
2020-01-28,0.84375,0.15625
2020-01-29,0.7142857142857143,0.2857142857142857
2020-01-30,0.7272727272727273,0.2727272727272727
2020-01-31,0.6060606060606061,0.3939393939393939
2020-02-01,0.7272727272727273,0.2727272727272727
2020-02-02,0.625,0.375
2020-02-03,0.7575757575757576,0.24242424242424243
2020-02-04,0.7777777777777778,0.2222222222222222
2020-02-05,0.6410256410256411,0.358974358974359
2020-02-06,0.6785714285714286,0.32142857142857145
2020-02-07,0.7058823529411765,0.29411764705882354
2020-02-08,0.8,0.2
2020-02-09,0.65625,0.34375
2020-02-10,0.7666666666666667,0.23333333333333334
2020-02-11,0.5185185185185185,0.48148148148148145
2020-02-12,0.6666666666666666,0.3333333333333333
2020-02-13,0.6666666666666666,0.3333333333333333
2020-02-14,0.6578947368421053,0.34210526315789475
2020-02-15,0.75,0.25
2020-02-16,0.64,0.36
2020-02-17,0.68,0.32
2020-02-18,0.7,0.3
2020-02-19,0.6774193548387096,0.3225806451612903
2020-02-20,0.6764705882352942,0.3235294117647059
2020-02-21,0.7857142857142857,0.21428571428571427
2020-02-22,0.6153846153846154,0.38461538461538464
2020-02-23,0.6956521739130435,0.30434782608695654
2020-02-24,0.48148148148148145,0.5185185185185185
2020-02-25,0.6538461538461539,0.34615384615384615
2020-02-26,0.45161290322580644,0.5483870967741935
2020-02-27,0.6428571428571429,0.35714285714285715
2020-02-28,0.8125,0.1875
2020-02-29,0.7837837837837838,0.21621621621621623
2020-03-01,0.7894736842105263,0.21052631578947367
2020-03-02,0.5862068965517241,0.41379310344827586
2020-03-03,0.7333333333333333,0.26666666666666666
2020-03-04,0.6,0.4
2020-03-05,0.6176470588235294,0.38235294117647056
2020-03-06,0.5517241379310345,0.4482758620689655
2020-03-07,0.6363636363636364,0.36363636363636365
2020-03-08,0.7391304347826086,0.2608695652173913
2020-03-09,0.5555555555555556,0.4444444444444444
2020-03-10,0.75,0.25
2020-03-11,0.5675675675675675,0.43243243243243246
2020-03-12,0.6956521739130435,0.30434782608695654
2020-03-13,0.6190476190476191,0.38095238095238093
2020-03-14,0.7666666666666667,0.23333333333333334
2020-03-15,0.6153846153846154,0.38461538461538464
2020-03-16,0.47619047619047616,0.5238095238095238
2020-03-17,0.75,0.25
2020-03-18,0.6333333333333333,0.36666666666666664
2020-03-19,0.6410256410256411,0.358974358974359
2020-03-20,0.7586206896551724,0.2413793103448276
2020-03-21,0.6551724137931034,0.3448275862068966
2020-03-22,0.6578947368421053,0.34210526315789475
2020-03-23,0.6,0.4
2020-03-24,0.7666666666666667,0.23333333333333334
2020-03-25,0.6428571428571429,0.35714285714285715
2020-03-26,0.75,0.25
2020-03-27,0.88,0.12
2020-03-28,0.5517241379310345,0.4482758620689655
2020-03-29,0.6666666666666666,0.3333333333333333
2020-03-30,0.7241379310344828,0.27586206896551724
2020-03-31,0.5365853658536586,0.4634146341463415
2020-04-01,0.7272727272727273,0.2727272727272727
2020-04-02,0.4864864864864865,0.5135135135135135
2020-04-03,0.675,0.325
2020-04-04,0.64,0.36
2020-04-05,0.68,0.32
2020-04-06,0.7333333333333333,0.26666666666666666
2020-04-07,0.625,0.375
2020-04-08,0.696969696969697,0.30303030303030304
2020-04-09,0.6764705882352942,0.3235294117647059
2020-04-10,0.6578947368421053,0.34210526315789475
2020-04-11,0.7586206896551724,0.2413793103448276
2020-04-12,0.7083333333333334,0.2916666666666667
2020-04-13,0.8421052631578947,0.15789473684210525
2020-04-14,0.9117647058823529,0.08823529411764706
2020-04-15,0.8,0.2
2020-04-16,0.7142857142857143,0.2857142857142857
2020-04-17,0.9,0.1
2020-04-18,0.8064516129032258,0.1935483870967742
2020-04-19,0.6923076923076923,0.3076923076923077
2020-04-20,0.8064516129032258,0.1935483870967742
2020-04-21,0.5714285714285714,0.42857142857142855
2020-04-22,0.6785714285714286,0.32142857142857145
2020-04-23,0.5384615384615384,0.46153846153846156
2020-04-24,0.75,0.25
2020-04-25,0.7666666666666667,0.23333333333333334
2020-04-26,0.7435897435897436,0.2564102564102564
2020-04-27,0.7777777777777778,0.2222222222222222
2020-04-28,0.71875,0.28125
2020-04-29,0.7241379310344828,0.27586206896551724
2020-04-30,0.6857142857142857,0.3142857142857143
2020-05-01,0.84375,0.15625
2020-05-02,0.7419354838709677,0.25806451612903225
2020-05-03,0.5625,0.4375
2020-05-04,0.8636363636363636,0.13636363636363635
2020-05-05,0.7058823529411765,0.29411764705882354
2020-05-06,0.7368421052631579,0.2631578947368421
2020-05-07,0.6285714285714286,0.37142857142857144
2020-05-08,0.6451612903225806,0.3548387096774194
2020-05-09,0.7058823529411765,0.29411764705882354
2020-05-10,0.7777777777777778,0.2222222222222222
2020-05-11,0.8235294117647058,0.17647058823529413
2020-05-12,0.6,0.4
2020-05-13,0.7352941176470589,0.2647058823529412
2020-05-14,0.6774193548387096,0.3225806451612903
2020-05-15,0.696969696969697,0.30303030303030304
2020-05-16,0.8666666666666667,0.13333333333333333
2020-05-17,0.7666666666666667,0.23333333333333334
2020-05-18,0.7058823529411765,0.29411764705882354
2020-05-19,0.6857142857142857,0.3142857142857143
2020-05-20,0.7297297297297297,0.2702702702702703
2020-05-21,0.5806451612903226,0.41935483870967744
2020-05-22,0.6666666666666666,0.3333333333333333
2020-05-23,0.875,0.125
2020-05-24,0.7777777777777778,0.2222222222222222
2020-05-25,0.717948717948718,0.28205128205128205
2020-05-26,0.5517241379310345,0.4482758620689655
2020-05-27,0.6785714285714286,0.32142857142857145
2020-05-28,0.8461538461538461,0.15384615384615385
2020-05-29,0.5714285714285714,0.42857142857142855
2020-05-30,0.7037037037037037,0.2962962962962963
2020-05-31,0.6551724137931034,0.3448275862068966
2020-06-01,0.8,0.2
2020-06-02,0.6333333333333333,0.36666666666666664
2020-06-03,0.7419354838709677,0.25806451612903225
2020-06-04,0.6764705882352942,0.3235294117647059
2020-06-05,0.7941176470588235,0.20588235294117646
2020-06-06,0.6470588235294118,0.35294117647058826
2020-06-07,0.7631578947368421,0.23684210526315788
2020-06-08,0.7272727272727273,0.2727272727272727
2020-06-09,0.8387096774193549,0.16129032258064516
2020-06-10,0.7916666666666666,0.20833333333333334
2020-06-11,0.7307692307692307,0.2692307692307692
2020-06-12,0.7307692307692307,0.2692307692307692
2020-06-13,0.7931034482758621,0.20689655172413793
2020-06-14,0.9393939393939394,0.06060606060606061
2020-06-15,0.5,0.5
2020-06-16,0.8,0.2
2020-06-17,0.6923076923076923,0.3076923076923077
2020-06-18,0.6666666666666666,0.3333333333333333
2020-06-19,0.65625,0.34375
2020-06-20,0.5925925925925926,0.4074074074074074
2020-06-21,0.8125,0.1875
2020-06-22,0.631578947368421,0.3684210526315789
2020-06-23,0.6785714285714286,0.32142857142857145
2020-06-24,0.7714285714285715,0.22857142857142856
2020-06-25,0.6896551724137931,0.3103448275862069
2020-06-26,0.6363636363636364,0.36363636363636365
2020-06-27,0.6129032258064516,0.3870967741935484
2020-06-28,0.7037037037037037,0.2962962962962963
2020-06-29,0.7096774193548387,0.2903225806451613
2020-06-30,0.8378378378378378,0.16216216216216217
2020-07-01,0.6388888888888888,0.3611111111111111
2020-07-02,0.88,0.12
2020-07-03,0.7407407407407407,0.25925925925925924
2020-07-04,0.625,0.375
2020-07-05,0.6956521739130435,0.30434782608695654
2020-07-06,0.5483870967741935,0.45161290322580644
2020-07-07,0.7096774193548387,0.2903225806451613
2020-07-08,0.7333333333333333,0.26666666666666666
2020-07-09,0.6923076923076923,0.3076923076923077
2020-07-10,0.5428571428571428,0.45714285714285713
2020-07-11,0.7878787878787878,0.21212121212121213
2020-07-12,0.8378378378378378,0.16216216216216217
2020-07-13,0.5862068965517241,0.41379310344827586
2020-07-14,0.7575757575757576,0.24242424242424243
2020-07-15,0.48484848484848486,0.5151515151515151
2020-07-16,0.6875,0.3125
2020-07-17,0.5416666666666666,0.4583333333333333
2020-07-18,0.8,0.2
2020-07-19,0.9117647058823529,0.08823529411764706
2020-07-20,0.72,0.28
2020-07-21,0.6666666666666666,0.3333333333333333
2020-07-22,0.56,0.44
2020-07-23,0.5925925925925926,0.4074074074074074
2020-07-24,0.5,0.5
2020-07-25,0.5757575757575758,0.42424242424242425
2020-07-26,0.625,0.375
2020-07-27,0.7941176470588235,0.20588235294117646
2020-07-28,0.5384615384615384,0.46153846153846156
2020-07-29,0.6875,0.3125
2020-07-30,0.875,0.125
2020-07-31,0.7037037037037037,0.2962962962962963
2020-08-01,0.8333333333333334,0.16666666666666666
2020-08-02,0.6875,0.3125
2020-08-03,0.7419354838709677,0.25806451612903225
2020-08-04,0.7435897435897436,0.2564102564102564
2020-08-05,0.8055555555555556,0.19444444444444445
2020-08-06,0.8292682926829268,0.17073170731707318
2020-08-07,0.71875,0.28125
2020-08-08,0.6,0.4
2020-08-09,0.6206896551724138,0.3793103448275862
2020-08-10,0.7142857142857143,0.2857142857142857
2020-08-11,0.5454545454545454,0.45454545454545453
2020-08-12,0.8181818181818182,0.18181818181818182
2020-08-13,0.8333333333333334,0.16666666666666666
2020-08-14,0.7692307692307693,0.23076923076923078
2020-08-15,0.7027027027027027,0.2972972972972973
2020-08-16,0.7714285714285715,0.22857142857142856
2020-08-17,0.6666666666666666,0.3333333333333333
2020-08-18,0.8055555555555556,0.19444444444444445
2020-08-19,0.8387096774193549,0.16129032258064516
2020-08-20,0.7368421052631579,0.2631578947368421
2020-08-21,0.7857142857142857,0.21428571428571427
2020-08-22,0.7741935483870968,0.22580645161290322
2020-08-23,0.7567567567567568,0.24324324324324326
2020-08-24,0.6666666666666666,0.3333333333333333
2020-08-25,0.8,0.2
2020-08-26,0.7419354838709677,0.25806451612903225
2020-08-27,0.8695652173913043,0.13043478260869565
2020-08-28,0.75,0.25
2020-08-29,0.8108108108108109,0.1891891891891892
2020-08-30,0.6363636363636364,0.36363636363636365
2020-08-31,0.78125,0.21875
2020-09-01,0.8571428571428571,0.14285714285714285
2020-09-02,0.775,0.225
2020-09-03,0.875,0.125
2020-09-04,0.7142857142857143,0.2857142857142857
2020-09-05,0.6666666666666666,0.3333333333333333
2020-09-06,0.7272727272727273,0.2727272727272727
2020-09-07,0.8333333333333334,0.16666666666666666
2020-09-08,0.6774193548387096,0.3225806451612903
2020-09-09,0.7714285714285715,0.22857142857142856
2020-09-10,0.6,0.4
2020-09-11,0.6470588235294118,0.35294117647058826
2020-09-12,0.7727272727272727,0.22727272727272727
2020-09-13,0.48484848484848486,0.5151515151515151
2020-09-14,0.7647058823529411,0.23529411764705882
2020-09-15,0.8823529411764706,0.11764705882352941
2020-09-16,0.6153846153846154,0.38461538461538464
2020-09-17,0.6785714285714286,0.32142857142857145
2020-09-18,0.6333333333333333,0.36666666666666664
2020-09-19,0.6428571428571429,0.35714285714285715
2020-09-20,0.6785714285714286,0.32142857142857145
2020-09-21,0.8,0.2
2020-09-22,0.9642857142857143,0.03571428571428571
2020-09-23,0.45161290322580644,0.5483870967741935
2020-09-24,0.7096774193548387,0.2903225806451613
2020-09-25,0.8,0.2
2020-09-26,0.6521739130434783,0.34782608695652173
2020-09-27,0.8181818181818182,0.18181818181818182
2020-09-28,0.7419354838709677,0.25806451612903225
2020-09-29,0.6451612903225806,0.3548387096774194
2020-09-30,0.7297297297297297,0.2702702702702703
2020-10-01,0.75,0.25
2020-10-02,0.6666666666666666,0.3333333333333333
2020-10-03,0.88,0.12
2020-10-04,0.6538461538461539,0.34615384615384615
2020-10-05,0.7,0.3
2020-10-06,0.65,0.35
2020-10-07,0.6923076923076923,0.3076923076923077
2020-10-08,0.7777777777777778,0.2222222222222222
2020-10-09,0.7142857142857143,0.2857142857142857
2020-10-10,0.7317073170731707,0.2682926829268293
2020-10-11,0.7837837837837838,0.21621621621621623
2020-10-12,0.7272727272727273,0.2727272727272727
2020-10-13,0.8857142857142857,0.11428571428571428
2020-10-14,0.75,0.25
2020-10-15,0.6388888888888888,0.3611111111111111
2020-10-16,0.6285714285714286,0.37142857142857144
2020-10-17,0.7368421052631579,0.2631578947368421
2020-10-18,0.7741935483870968,0.22580645161290322
2020-10-19,0.6774193548387096,0.3225806451612903
2020-10-20,0.7272727272727273,0.2727272727272727
2020-10-21,0.7948717948717948,0.20512820512820512
2020-10-22,0.8529411764705882,0.14705882352941177
2020-10-23,0.7352941176470589,0.2647058823529412
2020-10-24,0.8235294117647058,0.17647058823529413
2020-10-25,0.6956521739130435,0.30434782608695654
2020-10-26,0.6428571428571429,0.35714285714285715
2020-10-27,0.625,0.375
2020-10-28,0.6451612903225806,0.3548387096774194
2020-10-29,0.7692307692307693,0.23076923076923078
2020-10-30,0.7567567567567568,0.24324324324324326
2020-10-31,0.9230769230769231,0.07692307692307693
2020-11-01,0.7428571428571429,0.2571428571428571
2020-11-02,0.6333333333333333,0.36666666666666664
2020-11-03,0.8333333333333334,0.16666666666666666
2020-11-04,0.71875,0.28125
2020-11-05,0.75,0.25
2020-11-06,0.7419354838709677,0.25806451612903225
2020-11-07,0.8648648648648649,0.13513513513513514
2020-11-08,0.9361702127659575,0.06382978723404255
2020-11-09,0.6363636363636364,0.36363636363636365
2020-11-10,0.7857142857142857,0.21428571428571427
2020-11-11,0.7857142857142857,0.21428571428571427
2020-11-12,0.7586206896551724,0.2413793103448276
2020-11-13,0.6923076923076923,0.3076923076923077
2020-11-14,0.7586206896551724,0.2413793103448276
2020-11-15,0.6666666666666666,0.3333333333333333
2020-11-16,0.6571428571428571,0.34285714285714286
2020-11-17,0.7096774193548387,0.2903225806451613
2020-11-18,0.7352941176470589,0.2647058823529412
2020-11-19,0.7,0.3
2020-11-20,0.7741935483870968,0.22580645161290322
2020-11-21,0.84,0.16
2020-11-22,0.7647058823529411,0.23529411764705882
2020-11-23,0.675,0.325
2020-11-24,0.7575757575757576,0.24242424242424243
2020-11-25,0.8181818181818182,0.18181818181818182
2020-11-26,0.5517241379310345,0.4482758620689655
2020-11-27,0.7,0.3
2020-11-28,0.9047619047619048,0.09523809523809523
2020-11-29,0.8888888888888888,0.1111111111111111
2020-11-30,0.7058823529411765,0.29411764705882354
2020-12-01,0.7435897435897436,0.2564102564102564
2020-12-02,0.8157894736842105,0.18421052631578946
2020-12-03,0.9090909090909091,0.09090909090909091
2020-12-04,0.725,0.275
2020-12-05,0.8,0.2
2020-12-06,0.5925925925925926,0.4074074074074074
2020-12-07,0.8333333333333334,0.16666666666666666
2020-12-08,0.8,0.2
2020-12-09,0.7,0.3
2020-12-10,0.7941176470588235,0.20588235294117646
2020-12-11,0.7941176470588235,0.20588235294117646
2020-12-12,0.8387096774193549,0.16129032258064516
2020-12-13,0.8148148148148148,0.18518518518518517
2020-12-14,0.8387096774193549,0.16129032258064516
2020-12-15,0.6956521739130435,0.30434782608695654
2020-12-16,0.8666666666666667,0.13333333333333333
2020-12-17,0.6923076923076923,0.3076923076923077
2020-12-18,0.71875,0.28125
2020-12-19,0.5357142857142857,0.4642857142857143
2020-12-20,0.5757575757575758,0.42424242424242425
2020-12-21,0.8333333333333334,0.16666666666666666
2020-12-22,0.75,0.25
2020-12-23,0.7837837837837838,0.21621621621621623
2020-12-24,0.65625,0.34375
2020-12-25,0.9032258064516129,0.0967741935483871
2020-12-26,0.90625,0.09375
2020-12-27,0.71875,0.28125
2020-12-28,0.7142857142857143,0.2857142857142857
2020-12-29,0.7666666666666667,0.23333333333333334
2020-12-30,0.8285714285714286,0.17142857142857143
2020-12-31,0.8157894736842105,0.18421052631578946
2021-01-01,0.7777777777777778,0.2222222222222222
2021-01-02,0.6956521739130435,0.30434782608695654
2021-01-03,0.6756756756756757,0.32432432432432434
2021-01-04,0.8333333333333334,0.16666666666666666
2021-01-05,0.7241379310344828,0.27586206896551724
2021-01-06,0.6857142857142857,0.3142857142857143
2021-01-07,0.7941176470588235,0.20588235294117646
2021-01-08,0.8333333333333334,0.16666666666666666
2021-01-09,0.8709677419354839,0.12903225806451613
2021-01-10,0.6206896551724138,0.3793103448275862
2021-01-11,0.7037037037037037,0.2962962962962963
2021-01-12,0.625,0.375
2021-01-13,0.8620689655172413,0.13793103448275862
2021-01-14,0.45714285714285713,0.5428571428571428
2021-01-15,0.8666666666666667,0.13333333333333333
2021-01-16,0.7727272727272727,0.22727272727272727
2021-01-17,0.7037037037037037,0.2962962962962963
2021-01-18,0.8260869565217391,0.17391304347826086
2021-01-19,0.7,0.3
2021-01-20,0.8333333333333334,0.16666666666666666
2021-01-21,0.8076923076923077,0.19230769230769232
2021-01-22,0.8947368421052632,0.10526315789473684
2021-01-23,0.7333333333333333,0.26666666666666666
2021-01-24,0.5757575757575758,0.42424242424242425
2021-01-25,0.6774193548387096,0.3225806451612903
2021-01-26,0.6666666666666666,0.3333333333333333
2021-01-27,0.7,0.3
2021-01-28,0.6153846153846154,0.38461538461538464
2021-01-29,0.7857142857142857,0.21428571428571427
2021-01-30,0.71875,0.28125
2021-01-31,0.8285714285714286,0.17142857142857143
2021-02-01,0.8529411764705882,0.14705882352941177
2021-02-02,0.7941176470588235,0.20588235294117646
2021-02-03,0.6666666666666666,0.3333333333333333
2021-02-04,0.7714285714285715,0.22857142857142856
2021-02-05,0.84,0.16
2021-02-06,0.75,0.25
2021-02-07,0.75,0.25
2021-02-08,0.7931034482758621,0.20689655172413793
2021-02-09,0.8928571428571429,0.10714285714285714
2021-02-10,0.6785714285714286,0.32142857142857145
2021-02-11,0.6666666666666666,0.3333333333333333
2021-02-12,0.696969696969697,0.30303030303030304
2021-02-13,0.7894736842105263,0.21052631578947367
2021-02-14,0.68,0.32
2021-02-15,0.7878787878787878,0.21212121212121213
2021-02-16,0.6551724137931034,0.3448275862068966
2021-02-17,0.75,0.25
2021-02-18,0.8529411764705882,0.14705882352941177
2021-02-19,0.5806451612903226,0.41935483870967744
2021-02-20,0.7419354838709677,0.25806451612903225
2021-02-21,0.7727272727272727,0.22727272727272727
2021-02-22,0.7307692307692307,0.2692307692307692
2021-02-23,0.7058823529411765,0.29411764705882354
2021-02-24,0.68,0.32
2021-02-25,0.8,0.2
2021-02-26,0.8,0.2
2021-02-27,0.8108108108108109,0.1891891891891892
2021-02-28,0.8611111111111112,0.1388888888888889
2021-03-01,0.75,0.25
2021-03-02,0.5526315789473685,0.4473684210526316
2021-03-03,0.6071428571428571,0.39285714285714285
2021-03-04,0.8214285714285714,0.17857142857142858
2021-03-05,0.8,0.2
2021-03-06,0.8260869565217391,0.17391304347826086
2021-03-07,0.5526315789473685,0.4473684210526316
2021-03-08,0.5652173913043478,0.43478260869565216
2021-03-09,0.7096774193548387,0.2903225806451613
2021-03-10,0.84375,0.15625
2021-03-11,0.8571428571428571,0.14285714285714285
2021-03-12,0.8611111111111112,0.1388888888888889
2021-03-13,0.8043478260869565,0.1956521739130435
2021-03-14,0.8292682926829268,0.17073170731707318
2021-03-15,0.6818181818181818,0.3181818181818182
2021-03-16,0.9117647058823529,0.08823529411764706
2021-03-17,0.9024390243902439,0.0975609756097561
2021-03-18,0.6410256410256411,0.358974358974359
2021-03-19,0.5909090909090909,0.4090909090909091
2021-03-20,0.8,0.2
2021-03-21,0.8536585365853658,0.14634146341463414
2021-03-22,0.8,0.2
2021-03-23,0.7837837837837838,0.21621621621621623
2021-03-24,0.7837837837837838,0.21621621621621623
2021-03-25,0.7272727272727273,0.2727272727272727
2021-03-26,0.8461538461538461,0.15384615384615385
2021-03-27,0.8717948717948718,0.1282051282051282
2021-03-28,0.9302325581395349,0.06976744186046512
2021-03-29,0.7948717948717948,0.20512820512820512
2021-03-30,0.7209302325581395,0.27906976744186046
2021-03-31,0.7586206896551724,0.2413793103448276
2021-04-01,0.84,0.16
2021-04-02,0.7837837837837838,0.21621621621621623
2021-04-03,0.825,0.175
2021-04-04,0.7727272727272727,0.22727272727272727
2021-04-05,0.8148148148148148,0.18518518518518517
2021-04-06,0.8125,0.1875
2021-04-07,0.6363636363636364,0.36363636363636365
2021-04-08,0.75,0.25
2021-04-09,0.6470588235294118,0.35294117647058826
2021-04-10,0.8723404255319149,0.1276595744680851
2021-04-11,0.896551724137931,0.10344827586206896
2021-04-12,0.6666666666666666,0.3333333333333333
2021-04-13,0.7142857142857143,0.2857142857142857
2021-04-14,0.8888888888888888,0.1111111111111111
2021-04-15,0.775,0.225
2021-04-16,0.6388888888888888,0.3611111111111111
2021-04-17,0.8333333333333334,0.16666666666666666
2021-04-18,0.9,0.1
2021-04-19,0.825,0.175
2021-04-20,0.4722222222222222,0.5277777777777778
2021-04-21,0.8571428571428571,0.14285714285714285
2021-04-22,0.90625,0.09375
2021-04-23,0.8214285714285714,0.17857142857142858
2021-04-24,0.8461538461538461,0.15384615384615385
2021-04-25,0.9166666666666666,0.08333333333333333
2021-04-26,0.75,0.25
2021-04-27,0.875,0.125
2021-04-28,0.8333333333333334,0.16666666666666666
2021-04-29,0.8055555555555556,0.19444444444444445
2021-04-30,0.75,0.25
2021-05-01,0.9333333333333333,0.06666666666666667
2021-05-02,0.95,0.05
2021-05-03,0.7692307692307693,0.23076923076923078
2021-05-04,0.6060606060606061,0.3939393939393939
2021-05-05,0.8648648648648649,0.13513513513513514
2021-05-06,0.7,0.3
2021-05-07,0.9285714285714286,0.07142857142857142
2021-05-08,0.967741935483871,0.03225806451612903
2021-05-09,0.896551724137931,0.10344827586206896
2021-05-10,0.6666666666666666,0.3333333333333333
2021-05-11,0.85,0.15
2021-05-12,0.7777777777777778,0.2222222222222222
2021-05-13,0.7428571428571429,0.2571428571428571
2021-05-14,0.6571428571428571,0.34285714285714286
2021-05-15,0.75,0.25
2021-05-16,0.8095238095238095,0.19047619047619047
2021-05-17,0.8947368421052632,0.10526315789473684
2021-05-18,0.7837837837837838,0.21621621621621623
2021-05-19,0.8461538461538461,0.15384615384615385
2021-05-20,0.8666666666666667,0.13333333333333333
2021-05-21,0.8157894736842105,0.18421052631578946
2021-05-22,0.5,0.5
2021-05-23,0.9210526315789473,0.07894736842105263
2021-05-24,0.9210526315789473,0.07894736842105263
2021-05-25,0.8974358974358975,0.10256410256410256
2021-05-26,0.7560975609756098,0.24390243902439024
2021-05-27,0.6388888888888888,0.3611111111111111
2021-05-28,0.8095238095238095,0.19047619047619047
2021-05-29,0.4827586206896552,0.5172413793103449
2021-05-30,0.6666666666666666,0.3333333333333333
2021-05-31,0.8695652173913043,0.13043478260869565
2021-06-01,0.8157894736842105,0.18421052631578946
2021-06-02,0.7317073170731707,0.2682926829268293
2021-06-03,0.8378378378378378,0.16216216216216217
2021-06-04,0.8780487804878049,0.12195121951219512
2021-06-05,0.6923076923076923,0.3076923076923077
2021-06-06,0.8205128205128205,0.1794871794871795
2021-06-07,0.90625,0.09375
2021-06-08,0.7619047619047619,0.23809523809523808
2021-06-09,0.717391304347826,0.2826086956521739
2021-06-10,0.8888888888888888,0.1111111111111111
2021-06-11,0.696969696969697,0.30303030303030304
2021-06-12,0.88,0.12
2021-06-13,0.8333333333333334,0.16666666666666666
2021-06-14,0.7894736842105263,0.21052631578947367
2021-06-15,0.8048780487804879,0.1951219512195122
2021-06-16,0.8,0.2
2021-06-17,0.8,0.2
2021-06-18,0.7777777777777778,0.2222222222222222
2021-06-19,0.7666666666666667,0.23333333333333334
2021-06-20,0.7352941176470589,0.2647058823529412
2021-06-21,0.7586206896551724,0.2413793103448276
2021-06-22,0.6956521739130435,0.30434782608695654
2021-06-23,0.8529411764705882,0.14705882352941177
2021-06-24,0.6842105263157895,0.3157894736842105
2021-06-25,0.8918918918918919,0.10810810810810811
2021-06-26,0.8148148148148148,0.18518518518518517
2021-06-27,0.9024390243902439,0.0975609756097561
2021-06-28,0.8571428571428571,0.14285714285714285
2021-06-29,0.8461538461538461,0.15384615384615385
2021-06-30,0.7647058823529411,0.23529411764705882
2021-07-01,0.7317073170731707,0.2682926829268293
2021-07-02,0.8181818181818182,0.18181818181818182
2021-07-03,0.8333333333333334,0.16666666666666666
2021-07-04,0.9210526315789473,0.07894736842105263
2021-07-05,0.8292682926829268,0.17073170731707318
2021-07-06,0.75,0.25
2021-07-07,0.5172413793103449,0.4827586206896552
2021-07-08,0.7857142857142857,0.21428571428571427
2021-07-09,0.6060606060606061,0.3939393939393939
2021-07-10,0.6923076923076923,0.3076923076923077
2021-07-11,0.8333333333333334,0.16666666666666666
2021-07-12,0.8387096774193549,0.16129032258064516
2021-07-13,0.8064516129032258,0.1935483870967742
2021-07-14,0.7575757575757576,0.24242424242424243
2021-07-15,0.696969696969697,0.30303030303030304
2021-07-16,0.6578947368421053,0.34210526315789475
2021-07-17,0.85,0.15
2021-07-18,0.8571428571428571,0.14285714285714285
2021-07-19,0.6551724137931034,0.3448275862068966
2021-07-20,0.9523809523809523,0.047619047619047616
2021-07-21,0.8888888888888888,0.1111111111111111
2021-07-22,0.7142857142857143,0.2857142857142857
2021-07-23,0.6842105263157895,0.3157894736842105
2021-07-24,0.7272727272727273,0.2727272727272727
2021-07-25,0.7948717948717948,0.20512820512820512
2021-07-26,0.6060606060606061,0.3939393939393939
2021-07-27,0.5,0.5
2021-07-28,0.5945945945945946,0.40540540540540543
2021-07-29,0.675,0.325
2021-07-30,0.625,0.375
2021-07-31,0.7,0.3
2021-08-01,0.5,0.5
2021-08-02,0.6451612903225806,0.3548387096774194
2021-08-03,0.7105263157894737,0.2894736842105263
2021-08-04,0.7058823529411765,0.29411764705882354
2021-08-05,0.84,0.16
2021-08-06,0.7096774193548387,0.2903225806451613
2021-08-07,0.6923076923076923,0.3076923076923077
2021-08-08,0.7777777777777778,0.2222222222222222
2021-08-09,0.4838709677419355,0.5161290322580645
2021-08-10,0.6,0.4
2021-08-11,0.5238095238095238,0.47619047619047616
2021-08-12,0.6785714285714286,0.32142857142857145
2021-08-13,0.7096774193548387,0.2903225806451613
2021-08-14,0.8333333333333334,0.16666666666666666
2021-08-15,0.9047619047619048,0.09523809523809523
2021-08-16,0.6944444444444444,0.3055555555555556
2021-08-17,0.8181818181818182,0.18181818181818182
2021-08-18,0.48148148148148145,0.5185185185185185
2021-08-19,0.5,0.5
2021-08-20,0.7692307692307693,0.23076923076923078
2021-08-21,0.6060606060606061,0.3939393939393939
2021-08-22,0.7037037037037037,0.2962962962962963
2021-08-23,0.5,0.5
2021-08-24,0.78125,0.21875
2021-08-25,0.7878787878787878,0.21212121212121213
2021-08-26,0.78125,0.21875
2021-08-27,0.8214285714285714,0.17857142857142858
2021-08-28,0.5128205128205128,0.48717948717948717
2021-08-29,0.6842105263157895,0.3157894736842105
2021-08-30,0.6451612903225806,0.3548387096774194
2021-08-31,0.696969696969697,0.30303030303030304
2021-09-01,0.5833333333333334,0.4166666666666667
2021-09-02,0.6206896551724138,0.3793103448275862
2021-09-03,0.65,0.35
2021-09-04,0.8260869565217391,0.17391304347826086
2021-09-05,0.7142857142857143,0.2857142857142857
2021-09-06,0.5757575757575758,0.42424242424242425
2021-09-07,0.5517241379310345,0.4482758620689655
2021-09-08,0.5806451612903226,0.41935483870967744
2021-09-09,0.6571428571428571,0.34285714285714286
2021-09-10,0.696969696969697,0.30303030303030304
2021-09-11,0.9259259259259259,0.07407407407407407
2021-09-12,0.46511627906976744,0.5348837209302325
2021-09-13,0.5882352941176471,0.4117647058823529
2021-09-14,0.9142857142857143,0.08571428571428572
2021-09-15,0.7142857142857143,0.2857142857142857
2021-09-16,0.59375,0.40625
2021-09-17,0.5555555555555556,0.4444444444444444
2021-09-18,0.5652173913043478,0.43478260869565216
2021-09-19,0.6904761904761905,0.30952380952380953
2021-09-20,0.8461538461538461,0.15384615384615385
2021-09-21,0.5675675675675675,0.43243243243243246
2021-09-22,0.65625,0.34375
2021-09-23,0.5555555555555556,0.4444444444444444
2021-09-24,0.6097560975609756,0.3902439024390244
2021-09-25,0.5,0.5
2021-09-26,0.7575757575757576,0.24242424242424243
2021-09-27,0.6216216216216216,0.3783783783783784
2021-09-28,0.6071428571428571,0.39285714285714285
2021-09-29,0.5897435897435898,0.41025641025641024
2021-09-30,0.5428571428571428,0.45714285714285713
2021-10-01,0.78125,0.21875
2021-10-02,0.7105263157894737,0.2894736842105263
2021-10-03,0.391304347826087,0.6086956521739131
2021-10-04,0.6333333333333333,0.36666666666666664
2021-10-05,0.7272727272727273,0.2727272727272727
2021-10-06,0.7931034482758621,0.20689655172413793
2021-10-07,0.75,0.25
2021-10-08,0.696969696969697,0.30303030303030304
2021-10-09,0.5405405405405406,0.4594594594594595
2021-10-10,0.4358974358974359,0.5641025641025641
2021-10-11,0.42105263157894735,0.5789473684210527
2021-10-12,0.6341463414634146,0.36585365853658536
2021-10-13,0.6756756756756757,0.32432432432432434
2021-10-14,0.64,0.36
2021-10-15,0.6470588235294118,0.35294117647058826
2021-10-16,0.45161290322580644,0.5483870967741935
2021-10-17,0.4444444444444444,0.5555555555555556
2021-10-18,0.6071428571428571,0.39285714285714285
2021-10-19,0.6071428571428571,0.39285714285714285
2021-10-20,0.5675675675675675,0.43243243243243246
2021-10-21,0.5769230769230769,0.4230769230769231
2021-10-22,0.6744186046511628,0.32558139534883723
2021-10-23,0.7333333333333333,0.26666666666666666
2021-10-24,0.6153846153846154,0.38461538461538464
2021-10-25,0.8181818181818182,0.18181818181818182
2021-10-26,0.6363636363636364,0.36363636363636365
2021-10-27,0.631578947368421,0.3684210526315789
2021-10-28,0.5833333333333334,0.4166666666666667
2021-10-29,0.7727272727272727,0.22727272727272727
2021-10-30,0.7333333333333333,0.26666666666666666
2021-10-31,0.625,0.375
2021-11-01,0.6666666666666666,0.3333333333333333
2021-11-02,0.6333333333333333,0.36666666666666664
2021-11-03,0.5675675675675675,0.43243243243243246
2021-11-04,0.43478260869565216,0.5652173913043478
2021-11-05,0.5277777777777778,0.4722222222222222
2021-11-06,0.8888888888888888,0.1111111111111111
2021-11-07,0.90625,0.09375
2021-11-08,0.875,0.125
2021-11-09,0.7333333333333333,0.26666666666666666
2021-11-10,0.7,0.3
2021-11-11,0.5405405405405406,0.4594594594594595
2021-11-12,0.6410256410256411,0.358974358974359
2021-11-13,0.6363636363636364,0.36363636363636365
2021-11-14,0.8333333333333334,0.16666666666666666
2021-11-15,0.4594594594594595,0.5405405405405406
2021-11-16,0.6923076923076923,0.3076923076923077
2021-11-17,0.5,0.5
2021-11-18,0.5416666666666666,0.4583333333333333
2021-11-19,0.6060606060606061,0.3939393939393939
2021-11-20,0.7586206896551724,0.2413793103448276
2021-11-21,0.7368421052631579,0.2631578947368421
2021-11-22,0.6216216216216216,0.3783783783783784
2021-11-23,0.7407407407407407,0.25925925925925924
2021-11-24,0.9230769230769231,0.07692307692307693
2021-11-25,0.5609756097560976,0.43902439024390244
2021-11-26,0.7307692307692307,0.2692307692307692
2021-11-27,0.8064516129032258,0.1935483870967742
2021-11-28,0.8125,0.1875
2021-11-29,0.8333333333333334,0.16666666666666666
2021-11-30,0.7407407407407407,0.25925925925925924
2021-12-01,0.6296296296296297,0.37037037037037035
2021-12-02,0.6333333333333333,0.36666666666666664
2021-12-03,0.68,0.32
2021-12-04,0.6764705882352942,0.3235294117647059
2021-12-05,0.5294117647058824,0.47058823529411764
2021-12-06,0.6428571428571429,0.35714285714285715
2021-12-07,0.9166666666666666,0.08333333333333333
2021-12-08,0.7096774193548387,0.2903225806451613
2021-12-09,0.5357142857142857,0.4642857142857143
2021-12-10,0.6153846153846154,0.38461538461538464
2021-12-11,0.8125,0.1875
2021-12-12,0.7241379310344828,0.27586206896551724
2021-12-13,0.7,0.3
2021-12-14,0.6470588235294118,0.35294117647058826
2021-12-15,0.8214285714285714,0.17857142857142858
2021-12-16,0.7407407407407407,0.25925925925925924
2021-12-17,0.625,0.375
2021-12-18,0.8648648648648649,0.13513513513513514
2021-12-19,0.8157894736842105,0.18421052631578946
2021-12-20,0.8695652173913043,0.13043478260869565
2021-12-21,0.9166666666666666,0.08333333333333333
2021-12-22,0.8571428571428571,0.14285714285714285
2021-12-23,0.75,0.25
2021-12-24,0.9130434782608695,0.08695652173913043
2021-12-25,1.0,0.0
2021-12-26,0.8974358974358975,0.10256410256410256
2021-12-27,0.7666666666666667,0.23333333333333334
2021-12-28,0.8518518518518519,0.14814814814814814
2021-12-29,0.6666666666666666,0.3333333333333333
2021-12-30,0.8666666666666667,0.13333333333333333
2021-12-31,0.8235294117647058,0.17647058823529413
2022-01-01,0.8611111111111112,0.1388888888888889
2022-01-02,0.8378378378378378,0.16216216216216217
2022-01-03,0.7666666666666667,0.23333333333333334
2022-01-04,0.8095238095238095,0.19047619047619047
2022-01-05,0.7407407407407407,0.25925925925925924
2022-01-06,0.7619047619047619,0.23809523809523808
2022-01-07,0.6896551724137931,0.3103448275862069
2022-01-08,0.925,0.075
2022-01-09,0.8611111111111112,0.1388888888888889
2022-01-10,0.8518518518518519,0.14814814814814814
2022-01-11,0.7857142857142857,0.21428571428571427
2022-01-12,0.84,0.16
2022-01-13,0.7241379310344828,0.27586206896551724
2022-01-14,0.6296296296296297,0.37037037037037035
2022-01-15,0.8780487804878049,0.12195121951219512
2022-01-16,0.8378378378378378,0.16216216216216217
2022-01-17,0.8857142857142857,0.11428571428571428
2022-01-18,0.7428571428571429,0.2571428571428571
2022-01-19,0.9090909090909091,0.09090909090909091
2022-01-20,0.5882352941176471,0.4117647058823529
2022-01-21,0.7586206896551724,0.2413793103448276
2022-01-22,0.7037037037037037,0.2962962962962963
2022-01-23,0.696969696969697,0.30303030303030304
2022-01-24,0.6956521739130435,0.30434782608695654
2022-01-25,0.7741935483870968,0.22580645161290322
2022-01-26,0.68,0.32
2022-01-27,0.6923076923076923,0.3076923076923077
2022-01-28,0.7058823529411765,0.29411764705882354
2022-01-29,0.6857142857142857,0.3142857142857143
2022-01-30,0.8974358974358975,0.10256410256410256
2022-01-31,0.75,0.25
2022-02-01,0.6,0.4
2022-02-02,0.8,0.2
2022-02-03,0.71875,0.28125
2022-02-04,0.7575757575757576,0.24242424242424243
2022-02-05,0.7,0.3
2022-02-06,0.8235294117647058,0.17647058823529413
2022-02-07,0.8,0.2
2022-02-08,0.7741935483870968,0.22580645161290322
2022-02-09,0.7878787878787878,0.21212121212121213
2022-02-10,0.6923076923076923,0.3076923076923077
2022-02-11,0.5555555555555556,0.4444444444444444
2022-02-12,0.7096774193548387,0.2903225806451613
2022-02-13,0.6060606060606061,0.3939393939393939
2022-02-14,0.7142857142857143,0.2857142857142857
2022-02-15,0.6666666666666666,0.3333333333333333
2022-02-16,0.8076923076923077,0.19230769230769232
2022-02-17,0.75,0.25
2022-02-18,0.5675675675675675,0.43243243243243246
2022-02-19,0.6363636363636364,0.36363636363636365
2022-02-20,0.8974358974358975,0.10256410256410256
2022-02-21,0.7631578947368421,0.23684210526315788
2022-02-22,0.5862068965517241,0.41379310344827586
2022-02-23,0.5806451612903226,0.41935483870967744
2022-02-24,0.6875,0.3125
2022-02-25,0.7777777777777778,0.2222222222222222
2022-02-26,0.95,0.05
2022-02-27,0.8297872340425532,0.1702127659574468
2022-02-28,0.6923076923076923,0.3076923076923077
2022-03-01,0.5555555555555556,0.4444444444444444
2022-03-02,0.8666666666666667,0.13333333333333333
2022-03-03,0.6666666666666666,0.3333333333333333
2022-03-04,0.625,0.375
2022-03-05,0.7674418604651163,0.23255813953488372
2022-03-06,0.7878787878787878,0.21212121212121213
2022-03-07,0.52,0.48
2022-03-08,0.6071428571428571,0.39285714285714285
2022-03-09,0.6666666666666666,0.3333333333333333
2022-03-10,0.7142857142857143,0.2857142857142857
2022-03-11,0.6764705882352942,0.3235294117647059
2022-03-12,0.7441860465116279,0.2558139534883721
2022-03-13,0.7142857142857143,0.2857142857142857
2022-03-14,0.6206896551724138,0.3793103448275862
2022-03-15,0.7037037037037037,0.2962962962962963
2022-03-16,0.6666666666666666,0.3333333333333333
2022-03-17,0.8709677419354839,0.12903225806451613
2022-03-18,0.8333333333333334,0.16666666666666666
2022-03-19,0.8372093023255814,0.16279069767441862
2022-03-20,0.8571428571428571,0.14285714285714285
2022-03-21,0.9583333333333334,0.041666666666666664
2022-03-22,0.7333333333333333,0.26666666666666666
2022-03-23,0.6176470588235294,0.38235294117647056
2022-03-24,0.7878787878787878,0.21212121212121213
2022-03-25,0.84375,0.15625
2022-03-26,0.8,0.2
2022-03-27,0.8536585365853658,0.14634146341463414
2022-03-28,0.8,0.2
2022-03-29,0.8857142857142857,0.11428571428571428
2022-03-30,0.6666666666666666,0.3333333333333333
2022-03-31,0.72,0.28
2022-04-01,0.8421052631578947,0.15789473684210525
2022-04-02,0.8611111111111112,0.1388888888888889
2022-04-03,0.84375,0.15625
2022-04-04,0.75,0.25
2022-04-05,0.7941176470588235,0.20588235294117646
2022-04-06,0.8,0.2
2022-04-07,0.7333333333333333,0.26666666666666666
2022-04-08,0.6829268292682927,0.3170731707317073
2022-04-09,0.7631578947368421,0.23684210526315788
2022-04-10,0.7272727272727273,0.2727272727272727
2022-04-11,0.6521739130434783,0.34782608695652173
2022-04-12,0.8571428571428571,0.14285714285714285
2022-04-13,0.8928571428571429,0.10714285714285714
2022-04-14,0.6875,0.3125
2022-04-15,0.84375,0.15625
2022-04-16,0.65,0.35
2022-04-17,0.6470588235294118,0.35294117647058826
2022-04-18,0.8125,0.1875
2022-04-19,0.7878787878787878,0.21212121212121213
2022-04-20,0.92,0.08
2022-04-21,0.5806451612903226,0.41935483870967744
2022-04-22,0.6428571428571429,0.35714285714285715
2022-04-23,0.6470588235294118,0.35294117647058826
2022-04-24,0.7096774193548387,0.2903225806451613
2022-04-25,0.65,0.35
2022-04-26,0.7333333333333333,0.26666666666666666
2022-04-27,0.7727272727272727,0.22727272727272727
2022-04-28,0.6666666666666666,0.3333333333333333
2022-04-29,0.8275862068965517,0.1724137931034483
2022-04-30,0.7222222222222222,0.2777777777777778
2022-05-01,0.8484848484848485,0.15151515151515152
2022-05-02,0.7931034482758621,0.20689655172413793
2022-05-03,0.8214285714285714,0.17857142857142858
2022-05-04,0.9230769230769231,0.07692307692307693
2022-05-05,0.7333333333333333,0.26666666666666666
