Open,High,Low,Close,Adj Close,Volume,Date
23.061328887939453,24.769386291503906,23.061328887939453,24.769386291503906,24.59708595275879,11479901,2018-12-31
24.44500732421875,24.88595962524414,23.34515953063965,23.882413864135742,23.716283798217773,12052465,2019-01-02
23.598581314086914,23.821590423583984,22.696401596069336,22.873796463012695,22.714683532714844,13618830,2019-01-03
23.142423629760742,23.80131721496582,22.736949920654297,23.324886322021484,23.162633895874023,17573116,2019-01-04
23.27927017211914,24.014192581176758,23.0765323638916,23.476938247680664,23.313629150390625,9718603,2019-01-07
23.892549514770508,24.237201690673828,23.512418746948242,23.755701065063477,23.590452194213867,14375870,2019-01-08
23.857070922851562,24.01926040649414,23.710086822509766,23.791181564331055,23.625686645507812,6509914,2019-01-09
23.791181564331055,24.01926040649414,22.75722312927246,22.904207229614258,22.744882583618164,7030785,2019-01-10
22.782564163208008,23.172832489013672,22.503801345825195,22.53927993774414,22.38249397277832,5326903,2019-01-11
22.3365421295166,22.42777442932129,21.67258071899414,21.692853927612305,21.541954040527344,7232426,2019-01-14
21.819564819335938,22.149011611938477,21.530664443969727,21.79928970336914,21.64764976501465,5581222,2019-01-15
21.692853927612305,21.900659561157227,21.297515869140625,21.601621627807617,21.451356887817383,4849239,2019-01-16
21.64723777770996,22.159149169921875,21.57628059387207,22.15407943725586,21.999971389770508,6989155,2019-01-17
22.189559936523438,22.19462776184082,21.8499755859375,21.971616744995117,21.81877899169922,6425075,2019-01-18
22.240243911743164,22.630512237548828,21.951343536376953,22.33147430419922,22.176132202148438,6256186,2019-01-22
22.899137496948242,23.258995056152344,22.513938903808594,22.615306854248047,22.457990646362305,6218107,2019-01-23
22.762290954589844,22.878864288330078,22.407501220703125,22.787633895874023,22.629119873046875,7007899,2019-01-24
22.924480438232422,23.314748764038086,22.91941261291504,23.269132614135742,23.107269287109375,5165709,2019-01-25
23.26406478881836,24.01926040649414,23.122148513793945,23.770906448364258,23.605552673339844,11741718,2019-01-28
23.872276306152344,23.988849639892578,23.56817054748535,23.74556541442871,23.580387115478516,7021315,2019-01-29
23.998985290527344,24.328433990478516,23.902685165405273,24.328433990478516,24.15920066833496,7855697,2019-01-30
24.242271423339844,25.08869743347168,24.18144989013672,24.627471923828125,24.456159591674805,7381190,2019-01-31
24.825138092041016,25.215408325195312,24.58185577392578,25.164724349975586,24.989673614501953,3583363,2019-02-01
25.347187042236328,26.259502410888672,25.347187042236328,25.762798309326172,25.583587646484375,6294659,2019-02-04
25.985807418823242,26.153066635131836,25.6664981842041,25.88443946838379,25.704383850097656,5435023,2019-02-05
25.92498779296875,26.31018829345703,25.767866134643555,25.81855010986328,25.638952255249023,5595823,2019-02-06
25.646223068237305,25.752660751342773,25.230613708496094,25.565128326416016,25.387292861938477,3516675,2019-02-07
25.367460250854492,26.147998809814453,25.164724349975586,26.097314834594727,25.9157772064209,3539167,2019-02-08
26.289913177490234,26.391281127929688,25.874303817749023,26.36594009399414,26.18253517150879,5366757,2019-02-11
26.56867790222168,27.263050079345703,26.46224021911621,27.166751861572266,26.97777557373047,6666767,2019-02-12
27.318803787231445,27.68372917175293,27.055246353149414,27.344146728515625,27.1539363861084,3504245,2019-02-13
27.207298278808594,27.66852569580078,27.126203536987305,27.562088012695312,27.370361328125,5128024,2019-02-14
27.769893646240234,28.32741928100586,27.369487762451172,27.87632942199707,27.682416915893555,4529613,2019-02-15
27.921945571899414,28.11961555480957,27.648250579833984,27.896604537963867,27.702550888061523,2480850,2019-02-19
28.0131778717041,28.281803131103516,27.688798904418945,28.1500244140625,27.954208374023438,2726883,2019-02-20
28.1601619720459,28.42371940612793,28.018245697021484,28.1500244140625,27.954208374023438,3834131,2019-02-21
28.29701042175293,28.474403381347656,28.155094146728516,28.474403381347656,28.276330947875977,3644723,2019-02-22
28.61631965637207,28.844398498535156,28.540294647216797,28.707551956176758,28.507858276367188,4612085,2019-02-25
28.535226821899414,28.945768356323242,28.19057273864746,28.7531681060791,28.55315589904785,4619188,2019-02-26
28.65686798095703,28.788646697998047,28.479473114013672,28.509883880615234,28.311565399169922,3335948,2019-02-27
28.484540939331055,28.636594772338867,27.962493896484375,28.291940689086914,28.095136642456055,8152633,2019-02-28
29.234668731689453,29.898632049560547,28.479473114013672,28.71261978149414,28.512889862060547,6934700,2019-03-01
28.925493240356445,28.960973739624023,27.622909545898438,28.048656463623047,27.853546142578125,5875989,2019-03-04
28.003040313720703,28.302078247070312,27.602636337280273,27.937152862548828,27.742816925048828,5502302,2019-03-05
27.785099029541016,27.785099029541016,26.786619186401367,27.232641220092773,27.0432071685791,4962687,2019-03-06
27.17688751220703,27.577293395996094,26.771413803100586,26.92853546142578,26.7412166595459,3652220,2019-03-07
26.64977264404297,26.756208419799805,26.142929077148438,26.5331974029541,26.348628997802734,3776717,2019-03-08
26.55854034423828,27.486061096191406,26.487581253051758,27.445514678955078,27.25459861755371,3516872,2019-03-11
27.491130828857422,28.10441017150879,27.46072006225586,27.72427749633789,27.531423568725586,4896000,2019-03-12
27.952356338500977,28.1601619720459,27.754688262939453,27.850988388061523,27.65725326538086,4083913,2019-03-13
28.3831729888916,29.39685821533203,28.226051330566406,28.981246948242188,28.779647827148438,7633537,2019-03-14
29.361379623413086,30.54738998413086,29.346172332763672,30.527116775512695,30.31476593017578,11238800,2019-03-15
30.587936401367188,30.99847984313965,30.278762817382812,30.65889549255371,30.445627212524414,5256664,2019-03-18
30.91738510131836,31.008615493774414,30.57273292541504,30.63355255126953,30.420459747314453,3981711,2019-03-19
30.60314178466797,30.795743942260742,30.030410766601562,30.223011016845703,30.012775421142578,5130984,2019-03-20
30.152053833007812,30.886974334716797,30.10643768310547,30.77039909362793,30.556354522705078,3257028,2019-03-21
30.3598575592041,31.00354766845703,30.162189483642578,30.182462692260742,29.972509384155273,2970352,2019-03-22
30.157121658325195,30.157121658325195,28.950836181640625,29.036998748779297,28.835012435913086,3709832,2019-03-25
29.35630989074707,29.89356231689453,29.08261489868164,29.847946166992188,29.64031982421875,3527921,2019-03-26
29.908767700195312,30.35478973388672,29.10795783996582,29.16370964050293,28.96084213256836,3628742,2019-03-27
29.1231632232666,29.34110450744629,28.717689514160156,28.849468231201172,28.648786544799805,3301224,2019-03-28
29.00152015686035,29.79726219177246,28.966041564941406,29.746578216552734,29.539655685424805,3746924,2019-03-29
30.29903793334961,30.63355255126953,30.16725730895996,30.62848472595215,30.415428161621094,3523383,2019-04-01
30.516979217529297,31.074506759643555,30.278762817382812,31.054231643676758,30.838212966918945,4647599,2019-04-02
31.049163818359375,31.2468318939209,30.739990234375,31.216421127319336,30.99927520751953,4143695,2019-04-03
31.18094253540039,31.216421127319336,30.01520538330078,30.582868576049805,30.370128631591797,4261680,2019-04-04
30.63355255126953,31.621896743774414,30.63355255126953,31.525596618652344,31.306299209594727,4349676,2019-04-05
31.505321502685547,31.758743286132812,31.150531768798828,31.67258071899414,31.452260971069336,2637506,2019-04-08
31.571210861206055,31.626964569091797,31.074506759643555,31.28738021850586,31.069740295410156,2530570,2019-04-09
31.312721252441406,32.25038146972656,31.292448043823242,32.07805252075195,31.85491180419922,3311089,2019-04-10
32.16928482055664,32.37202072143555,31.80942726135254,32.3669548034668,32.14180374145508,3843207,2019-04-11
32.458187103271484,32.73188018798828,32.017234802246094,32.18955993652344,31.96564483642578,2378452,2019-04-12
32.23517608642578,32.422706604003906,31.966548919677734,32.37709045410156,32.15187072753906,2291048,2019-04-15
32.62037658691406,32.665992736816406,31.76888084411621,31.82463264465332,31.603256225585938,2220809,2019-04-16
31.9868221282959,32.18449020385742,31.682716369628906,31.804359436035156,31.5831241607666,2039687,2019-04-17
31.79928970336914,31.926000595092773,31.38368034362793,31.855043411254883,31.633455276489258,2066915,2019-04-18
31.819564819335938,32.05778121948242,31.68778419494629,32.05778121948242,31.834781646728516,2132221,2019-04-22
32.04257583618164,33.0663948059082,31.9766845703125,32.94475555419922,32.7155876159668,3039407,2019-04-23
32.93461608886719,33.6796760559082,32.82311248779297,33.57830810546875,33.344730377197266,3057953,2019-04-24
33.55296325683594,34.064876556396484,33.258995056152344,33.958438873291016,33.72221755981445,3190736,2019-04-25
33.48200607299805,33.781044006347656,32.833248138427734,33.12721633911133,32.89677810668945,3018098,2019-04-26
33.147491455078125,33.340091705322266,32.954891204833984,33.22351837158203,32.992408752441406,2449085,2019-04-29
33.274200439453125,34.21186065673828,33.274200439453125,34.16624450683594,33.9285774230957,2385752,2019-04-30
34.41459655761719,35.073490142822266,34.16624450683594,34.75925064086914,34.517459869384766,4112718,2019-05-01
34.68829345703125,34.946781158447266,33.67460632324219,34.53623962402344,34.29600143432617,3875958,2019-05-02
34.83527755737305,35.124176025390625,34.59199142456055,34.820072174072266,34.577857971191406,1860144,2019-05-03
34.080081939697266,34.72377014160156,34.00405502319336,34.561580657958984,34.321163177490234,1331183,2019-05-06
34.23720169067383,34.60719680786133,33.56310272216797,34.206790924072266,33.968841552734375,2800279,2019-05-07
33.97871398925781,34.11049270629883,33.710086822509766,34.009124755859375,33.772552490234375,2022128,2019-05-08
33.4769401550293,34.10542297363281,33.274200439453125,34.00405502319336,33.76751708984375,2736354,2019-05-09
33.84186553955078,34.15610885620117,33.22351837158203,34.03953552246094,33.80274963378906,1412076,2019-05-10
32.99037170410156,33.40091323852539,32.285858154296875,32.458187103271484,32.23240280151367,5181295,2019-05-13
32.5696907043457,33.821590423583984,32.48859786987305,33.52762222290039,33.29439926147461,1958400,2019-05-14
33.27927017211914,34.60213088989258,33.19817352294922,34.41459655761719,34.175201416015625,2051328,2019-05-15
34.490623474121094,35.59553909301758,34.4196662902832,35.37759780883789,35.13150405883789,2041858,2019-05-16
34.96705627441406,35.757728576660156,34.72377014160156,35.190067291259766,34.94527816772461,2938389,2019-05-17
34.76431655883789,34.95185089111328,33.998985290527344,34.46528244018555,34.22553634643555,2650134,2019-05-20
34.931575775146484,35.55499267578125,34.67815399169922,35.301570892333984,35.056007385253906,2322024,2019-05-21
35.61074447631836,35.6766357421875,34.804866790771484,34.97212219238281,34.728851318359375,3092283,2019-05-22
34.28281784057617,34.28281784057617,32.7166748046875,33.29954528808594,33.067909240722656,6202520,2019-05-23
33.461734771728516,34.05474090576172,33.096805572509766,33.51241683959961,33.279300689697266,3735678,2019-05-24
33.54282760620117,34.399391174316406,33.451595306396484,33.659400939941406,33.425262451171875,3530881,2019-05-28
33.340091705322266,33.56310272216797,32.792701721191406,33.55296325683594,33.31956481933594,4759665,2019-05-29
33.71515655517578,34.11555862426758,33.20831298828125,33.659400939941406,33.425262451171875,4113113,2019-05-30
30.745058059692383,31.505321502685547,28.945768356323242,30.182462692260742,29.972509384155273,15620241,2019-05-31
30.10643768310547,30.172325134277344,28.10441017150879,28.31221580505371,28.115270614624023,6365687,2019-06-03
28.884946823120117,29.27521514892578,28.347694396972656,29.234668731689453,29.031307220458984,5077516,2019-06-04
29.290420532226562,29.422199249267578,27.247846603393555,27.622909545898438,27.43075942993164,7388293,2019-06-05
27.850988388061523,27.891536712646484,26.416624069213867,26.979219436645508,26.791547775268555,7644388,2019-06-06
27.065383911132812,27.952356338500977,26.867713928222656,27.521541595458984,27.330097198486328,4520538,2019-06-07
27.780029296875,28.144956588745117,27.384693145751953,27.470857620239258,27.279766082763672,3659520,2019-06-10
27.607704162597656,27.82057762145996,27.16168212890625,27.54181480407715,27.350229263305664,3505429,2019-06-11
27.47592544555664,27.835783004760742,26.837303161621094,26.877851486206055,26.690885543823242,2527018,2019-06-12
26.857576370239258,27.37962532043457,26.619361877441406,27.2833251953125,27.093538284301758,4077796,2019-06-13
26.837303161621094,27.121135711669922,25.727319717407227,26.011150360107422,25.83021354675293,3634463,2019-06-14
26.097314834594727,26.18854522705078,25.631019592285156,25.661428451538086,25.48292350769043,3298461,2019-06-17
25.950328826904297,26.685251235961914,25.8033447265625,26.107450485229492,25.92584228515625,4490943,2019-06-18
26.360872268676758,27.141408920288086,26.127723693847656,27.075519561767578,26.887178421020508,4167568,2019-06-19
27.87632942199707,29.021793365478516,27.02483558654785,27.577293395996094,27.385461807250977,4939406,2019-06-20
27.404966354370117,27.678661346435547,27.11606788635254,27.36441993713379,27.174068450927734,4973933,2019-06-21
27.36441993713379,27.521541595458984,26.893056869506836,27.014698028564453,26.826780319213867,3584744,2019-06-24
27.014698028564453,27.303598403930664,26.457172393798828,26.512924194335938,26.3284969329834,4532178,2019-06-25
26.84237289428711,27.24277687072754,26.751140594482422,26.979219436645508,26.791547775268555,1905523,2019-06-26
26.583881378173828,26.791688919067383,25.631019592285156,26.46224021911621,26.27816390991211,9568655,2019-06-27
26.690319061279297,26.741004943847656,25.671566009521484,25.74759292602539,25.56848907470703,13893669,2019-06-28
26.46224021911621,26.477445602416992,25.970603942871094,26.132793426513672,25.95100975036621,6958376,2019-07-01
25.960466384887695,26.452102661132812,25.646223068237305,26.44703483581543,26.263065338134766,4973933,2019-07-02
26.289913177490234,26.84237289428711,25.965534210205078,26.822097778320312,26.63551902770996,5140454,2019-07-03
26.421693801879883,26.685251235961914,26.249366760253906,26.5433349609375,26.35869598388672,4130870,2019-07-05
26.25443458557129,26.396350860595703,25.838823318481445,25.99594497680664,25.815113067626953,5919197,2019-07-08
25.82868766784668,26.016218185424805,25.661428451538086,25.89964485168457,25.719482421875,5298492,2019-07-09
26.117586135864258,26.862646102905273,25.919918060302734,26.502788543701172,26.318431854248047,9092176,2019-07-10
26.487581253051758,27.10593032836914,26.441967010498047,27.10593032836914,26.917377471923828,5895324,2019-07-11
27.2934627532959,27.536745071411133,26.979219436645508,27.25798225402832,27.068370819091797,7217037,2019-07-12
27.369487762451172,28.018245697021484,27.344146728515625,27.987836837768555,27.793148040771484,7950993,2019-07-15
28.139888763427734,28.884946823120117,27.94222068786621,28.388240814208984,28.190767288208008,7118387,2019-07-16
28.3831729888916,28.646730422973633,28.063861846923828,28.636594772338867,28.437393188476562,3554359,2019-07-17
28.50481414794922,29.290420532226562,28.261531829833984,29.087684631347656,28.885345458984375,4343560,2019-07-18
29.37151527404785,29.9898624420166,28.687278747558594,28.788646697998047,28.588388442993164,5908543,2019-07-19
28.920425415039062,29.08261489868164,28.580841064453125,28.596046447753906,28.397127151489258,3269853,2019-07-22
28.73796272277832,28.73796272277832,27.693866729736328,28.109477996826172,27.913944244384766,4539084,2019-07-23
27.962493896484375,28.550430297851562,27.962493896484375,28.494678497314453,28.296464920043945,2860850,2019-07-24
28.54536247253418,28.717689514160156,27.759756088256836,27.91180992126465,27.7176513671875,3693851,2019-07-25
27.94222068786621,28.124683380126953,27.769893646240234,28.018245697021484,27.823347091674805,3268669,2019-07-26
28.291940689086914,28.50481414794922,27.597566604614258,28.36796760559082,28.170635223388672,3832947,2019-07-29
28.24632453918457,29.087684631347656,28.11961555480957,29.006589889526367,28.8048152923584,4031431,2019-07-30
29.031930923461914,29.391788482666016,28.672073364257812,29.265079498291016,29.061506271362305,5389447,2019-07-31
29.36644744873047,29.979726791381836,29.042068481445312,29.239736557006836,29.036340713500977,4970579,2019-08-01
27.800304412841797,28.129751205444336,26.07703971862793,26.563608169555664,26.378828048706055,20770166,2019-08-02
25.854028701782227,25.894577026367188,24.47035026550293,25.55499267578125,25.377227783203125,11192632,2019-08-05
25.8033447265625,26.112518310546875,25.0633544921875,25.73238754272461,25.553388595581055,7244461,2019-08-06
25.286365509033203,25.63608741760254,24.972124099731445,25.534719467163086,25.35709571838379,3653601,2019-08-07
25.656360626220703,26.37607765197754,25.656360626220703,26.016218185424805,25.83524513244629,4783539,2019-08-08
25.99594497680664,25.99594497680664,25.24074935913086,25.560060501098633,25.382261276245117,2521691,2019-08-09
25.367460250854492,25.463760375976562,24.9265079498291,25.068424224853516,24.894044876098633,2621131,2019-08-12
24.961986541748047,25.8033447265625,24.693359375,25.098833084106445,24.92424201965332,7019934,2019-08-13
24.67815589904785,24.83020782470703,23.80131721496582,24.632539749145508,24.461191177368164,8122644,2019-08-14
24.399391174316406,24.515966415405273,23.436391830444336,23.770906448364258,23.605552673339844,5727422,2019-08-15
24.01926040649414,24.931575775146484,23.948301315307617,24.546375274658203,24.375627517700195,4909219,2019-08-16
24.99239730834961,25.154586791992188,24.723770141601562,24.860618591308594,24.687685012817383,3959219,2019-08-19
24.693359375,24.987329483032227,24.424734115600586,24.566650390625,24.395761489868164,3635647,2019-08-20
24.668018341064453,25.21034049987793,24.607196807861328,24.825138092041016,24.652450561523438,2741484,2019-08-21
25.053218841552734,25.119108200073242,24.54130744934082,24.85555076599121,24.68265151977539,3195865,2019-08-22
24.201723098754883,24.298023223876953,23.177902221679688,23.218448638916016,23.05693817138672,7242291,2019-08-23
23.314748764038086,23.862138748168945,23.28940773010254,23.522554397583008,23.358928680419922,4026696,2019-08-26
23.796249389648438,23.90775489807129,22.944753646850586,23.11201286315918,22.951242446899414,3852085,2019-08-27
23.07146453857422,23.122148513793945,22.478458404541016,22.959959030151367,22.80024528503418,3722656,2019-08-28
23.188039779663086,23.786113739013672,23.137353897094727,23.70501708984375,23.54012107849121,6461575,2019-08-29
25.77293586730957,26.964014053344727,25.164724349975586,26.117586135864258,25.9359073638916,31586941,2019-08-30
25.864166259765625,26.29498291015625,25.646223068237305,25.88443946838379,25.704383850097656,8237867,2019-09-03
26.10238265991211,26.29498291015625,25.478965759277344,25.950328826904297,25.769813537597656,5511378,2019-09-04
26.132793426513672,27.11606788635254,25.904714584350586,26.822097778320312,26.63551902770996,8994907,2019-09-05
26.862646102905273,27.263050079345703,26.487581253051758,27.045108795166016,26.856979370117188,6831315,2019-09-06
27.369487762451172,27.597566604614258,26.933603286743164,27.51647186279297,27.325063705444336,7168304,2019-09-09
27.308666229248047,28.307146072387695,26.989355087280273,28.11961555480957,27.92401123046875,6298408,2019-09-10
27.937152862548828,28.129751205444336,27.72427749633789,28.028383255004883,27.83341407775879,5916238,2019-09-11
28.155094146728516,28.347694396972656,27.39483070373535,27.445514678955078,27.25459861755371,5659748,2019-09-12
27.39483070373535,27.698936462402344,27.085655212402344,27.121135711669922,26.932476043701172,2785284,2019-09-13
26.862646102905273,27.648250579833984,26.80182456970215,27.4201717376709,27.229433059692383,3021058,2019-09-16
27.369487762451172,27.4201717376709,26.918397903442383,27.2934627532959,27.103605270385742,2821587,2019-09-17
27.334009170532227,27.334009170532227,26.360872268676758,26.761276245117188,26.57512092590332,3759551,2019-09-18
26.741004943847656,27.192092895507812,26.63963508605957,26.882919311523438,26.6959171295166,4931908,2019-09-19
26.958946228027344,27.034971237182617,26.208818435668945,26.27977752685547,26.09697151184082,6002458,2019-09-20
26.259502410888672,26.862646102905273,25.859098434448242,26.83223533630371,26.645586013793945,4902708,2019-09-23
26.893056869506836,27.192092895507812,26.1834774017334,26.457172393798828,26.27313232421875,6605999,2019-09-24
26.452102661132812,27.37962532043457,26.381145477294922,27.237709045410156,27.04823875427246,6056124,2019-09-25
26.862646102905273,26.862646102905273,26.011150360107422,26.43182945251465,26.24796485900879,6061253,2019-09-26
26.56867790222168,26.80182456970215,25.53978729248047,25.823619842529297,25.643985748291016,4381441,2019-09-27
25.823619842529297,26.371009826660156,25.783071517944336,26.28484535217285,26.10200309753418,2619552,2019-09-30
26.421693801879883,26.80689239501953,26.051698684692383,26.17333984375,25.991273880004883,3819136,2019-10-01
26.10238265991211,26.107450485229492,25.4232120513916,25.737455368041992,25.558422088623047,3143581,2019-10-02
25.752660751342773,26.0364933013916,25.03294563293457,25.879371643066406,25.699350357055664,2660788,2019-10-03
25.965534210205078,26.10238265991211,25.4434871673584,25.478965759277344,25.301729202270508,3822885,2019-10-04
25.392803192138672,25.88443946838379,25.33704948425293,25.605676651000977,25.42755889892578,3134900,2019-10-07
25.438419342041016,25.52964973449707,24.728839874267578,24.738975524902344,24.56688690185547,3017112,2019-10-08
24.906234741210938,25.205270767211914,24.708566665649414,25.068424224853516,24.894044876098633,2605938,2019-10-09
25.043081283569336,25.134313583374023,24.779523849487305,24.835275650024414,24.662517547607422,4467661,2019-10-10
25.276229858398438,26.041561126708984,25.22554588317871,25.494171142578125,25.316829681396484,3014744,2019-10-11
25.468828201293945,25.72224998474121,25.397871017456055,25.686771392822266,25.50809097290039,1551173,2019-10-14
25.595539093017578,26.224023818969727,25.519512176513672,25.91485023498535,25.734582901000977,2061193,2019-10-15
25.808414459228516,25.8134822845459,25.428281784057617,25.615812301635742,25.437623977661133,1980103,2019-10-16
25.767866134643555,25.975671768188477,25.49924087524414,25.52964973449707,25.352062225341797,1985824,2019-10-17
25.524581909179688,25.565128326416016,25.08869743347168,25.276229858398438,25.100404739379883,3410133,2019-10-18
25.291433334350586,25.600608825683594,25.134313583374023,25.33704948425293,25.16080093383789,2371743,2019-10-21
25.49924087524414,25.661428451538086,25.230613708496094,25.331981658935547,25.1557674407959,2048763,2019-10-22
25.286365509033203,25.549924850463867,24.96705436706543,25.494171142578125,25.316829681396484,2469210,2019-10-23
25.6766357421875,25.975671768188477,25.306640625,25.854028701782227,25.674184799194336,3018493,2019-10-24
25.904714584350586,26.517993927001953,25.823619842529297,26.193613052368164,26.01140594482422,3189946,2019-10-25
26.320323944091797,26.583881378173828,26.087177276611328,26.147998809814453,25.966108322143555,3117143,2019-10-28
26.178409576416016,26.999492645263672,26.132793426513672,26.989355087280273,26.801612854003906,5226082,2019-10-29
26.969083786010742,27.445514678955078,26.725797653198242,27.24277687072754,27.053272247314453,3210860,2019-10-30
27.192092895507812,27.26811981201172,26.411556243896484,26.80689239501953,26.620418548583984,3032698,2019-10-31
26.953876495361328,27.060314178466797,26.756208419799805,26.98428726196289,26.796579360961914,2398971,2019-11-01
27.2934627532959,27.43537712097168,27.10593032836914,27.288393020629883,27.098569869995117,1979905,2019-11-04
27.323871612548828,27.800304412841797,27.136341094970703,27.58742904663086,27.395526885986328,4079177,2019-11-05
27.87632942199707,27.87632942199707,27.217435836791992,27.536745071411133,27.345195770263672,2791006,2019-11-06
27.759756088256836,27.850988388061523,27.43537712097168,27.526609420776367,27.33513069152832,2908202,2019-11-07
27.551950454711914,27.66852569580078,27.141408920288086,27.526609420776367,27.33513069152832,1962346,2019-11-08
27.278255462646484,27.810440063476562,27.192092895507812,27.633045196533203,27.440824508666992,1830944,2019-11-11
27.769893646240234,28.27166748046875,27.698936462402344,28.09427261352539,27.89884376525879,5463434,2019-11-12
27.87632942199707,28.07906723022461,27.6431827545166,27.76482582092285,27.57168960571289,2171878,2019-11-13
27.57222557067871,28.479473114013672,27.455650329589844,27.90167236328125,27.707584381103516,3357060,2019-11-14
28.205778121948242,28.307146072387695,27.95742416381836,28.20071029663086,28.004541397094727,2799292,2019-11-15
28.205778121948242,28.32741928100586,27.91180992126465,28.165231704711914,27.969310760498047,1931764,2019-11-18
28.210845947265625,28.727825164794922,28.018245697021484,28.48961067199707,28.291431427001953,2811525,2019-11-19
28.291940689086914,28.525089263916016,27.84592056274414,28.0131778717041,27.818313598632812,2832242,2019-11-20
27.99797248840332,28.180435180664062,27.212366104125977,27.222503662109375,27.033140182495117,3173373,2019-11-21
27.217435836791992,27.369487762451172,26.862646102905273,27.17181968688965,26.98280906677246,2850788,2019-11-22
27.369487762451172,28.185504913330078,27.369487762451172,27.906740188598633,27.712615966796875,3744557,2019-11-25
28.21591567993164,28.35276222229004,26.938671112060547,26.958946228027344,26.77141571044922,8725790,2019-11-26
25.874303817749023,26.43689727783203,25.215408325195312,25.504308700561523,25.32689666748047,25892863,2019-11-27
25.494171142578125,25.575265884399414,24.55144500732422,24.5767879486084,24.40582847595215,6382852,2019-11-29
24.505828857421875,24.668018341064453,23.988849639892578,24.1865177154541,24.018272399902344,7351990,2019-12-02
23.72022247314453,24.069944381713867,23.532690048217773,24.024328231811523,23.85721206665039,7722322,2019-12-03
24.27775001525879,24.379117965698242,24.095285415649414,24.166244506835938,23.998140335083008,4132843,2019-12-04
24.130765914916992,24.191585540771484,23.628990173339844,23.99391746520996,23.827011108398438,4072469,2019-12-05
24.07501220703125,24.683223724365234,23.8367977142334,23.882413864135742,23.716283798217773,5935771,2019-12-06
23.73036003112793,24.313228607177734,23.542827606201172,24.151039123535156,23.98303985595703,7451034,2019-12-09
24.029396057128906,24.318296432495117,23.887481689453125,24.00405502319336,23.837078094482422,6115511,2019-12-10
23.983781814575195,24.201723098754883,23.770906448364258,24.18144989013672,24.01323890686035,4372957,2019-12-11
23.983781814575195,25.16979217529297,23.862138748168945,25.08869743347168,24.91417694091797,5211877,2019-12-12
25.053218841552734,25.382665634155273,24.850482940673828,25.012670516967773,24.83867835998535,5212666,2019-12-13
25.33704948425293,25.41814422607422,24.972124099731445,25.083629608154297,24.909143447875977,6638750,2019-12-16
25.20020294189453,25.44855499267578,25.119108200073242,25.306640625,25.130603790283203,4669302,2019-12-17
25.342119216918945,25.641155242919922,25.149517059326172,25.342119216918945,25.165834426879883,4543424,2019-12-18
25.372528076171875,25.509376525878906,25.230613708496094,25.286365509033203,25.110469818115234,2995014,2019-12-19
25.494171142578125,25.620882034301758,25.093765258789062,25.149517059326172,24.974573135375977,5335979,2019-12-20
25.16979217529297,25.94019317626953,25.149517059326172,25.575265884399414,25.39735984802246,3213228,2019-12-23
25.57019805908203,26.016218185424805,25.468828201293945,25.762798309326172,25.583587646484375,1891910,2019-12-24
25.98073959350586,26.497718811035156,25.904714584350586,26.360872268676758,26.177501678466797,3034474,2019-12-26
26.457172393798828,26.457172393798828,25.696908950805664,25.838823318481445,25.65908432006836,3107672,2019-12-27
25.78813934326172,26.132793426513672,25.595539093017578,25.8033447265625,25.623851776123047,2622512,2019-12-30
25.74759292602539,26.305118560791016,25.620882034301758,26.046628952026367,25.86544418334961,3263145,2019-12-31
26.386213302612305,26.670045852661133,26.127723693847656,26.502788543701172,26.318431854248047,4278253,2020-01-02
26.051698684692383,26.345666885375977,25.55499267578125,25.631019592285156,25.452726364135742,4447142,2020-01-03
25.387733459472656,25.99594497680664,25.387733459472656,25.889507293701172,25.709415435791016,4983403,2020-01-06
25.869234085083008,26.00608253479004,25.124176025390625,25.24074935913086,25.065170288085938,6135833,2020-01-07
25.08869743347168,25.36239242553711,24.91130256652832,25.342119216918945,25.165834426879883,6934306,2020-01-08
25.4434871673584,25.47389793395996,24.845413208007812,25.149517059326172,24.974573135375977,7158833,2020-01-09
25.149517059326172,25.311708450317383,25.043081283569336,25.093765258789062,24.919208526611328,4865615,2020-01-10
25.18499755859375,25.33704948425293,24.673086166381836,25.25595474243164,25.080270767211914,6736414,2020-01-13
25.25595474243164,26.117586135864258,25.245819091796875,25.778003692626953,25.59868812561035,6555490,2020-01-14
25.701976776123047,25.919918060302734,25.54485511779785,25.646223068237305,25.467823028564453,3906145,2020-01-15
25.854028701782227,26.218955993652344,25.69183921813965,26.02128791809082,25.840280532836914,4445958,2020-01-16
26.10238265991211,26.10238265991211,25.367460250854492,25.51444435119629,25.33696174621582,6502416,2020-01-17
25.41814422607422,25.428281784057617,24.784591674804688,24.982261657714844,24.808481216430664,5397142,2020-01-21
25.08869743347168,25.40294075012207,25.08869743347168,25.311708450317383,25.135635375976562,2705180,2020-01-22
25.35225486755371,25.58033561706543,25.022808074951172,25.52964973449707,25.352062225341797,2187860,2020-01-23
25.620882034301758,25.869234085083008,25.10390281677246,25.331981658935547,25.1557674407959,3948170,2020-01-24
24.66295051574707,24.779523849487305,24.313228607177734,24.404460906982422,24.234699249267578,6143133,2020-01-27
24.586923599243164,24.9366455078125,24.505828857421875,24.673086166381836,24.501455307006836,4225377,2020-01-28
24.809934616088867,24.9366455078125,24.602128982543945,24.809934616088867,24.637351989746094,2788836,2020-01-29
24.531171798706055,25.0734920501709,24.409528732299805,25.027875900268555,24.853778839111328,4742697,2020-01-30
24.901166915893555,24.961986541748047,24.404460906982422,24.71870231628418,24.546754837036133,4627869,2020-01-31
24.728839874267578,25.038013458251953,24.63760757446289,24.9265079498291,24.753114700317383,3265118,2020-02-03
25.342119216918945,26.09224510192871,25.058286666870117,25.864166259765625,25.68425178527832,5845604,2020-02-04
26.09224510192871,26.5534725189209,25.646223068237305,25.742523193359375,25.563453674316406,7337587,2020-02-05
25.930055618286133,26.827167510986328,25.879371643066406,26.786619186401367,26.60028648376465,6581533,2020-02-06
26.609224319458008,26.609224319458008,25.848960876464844,26.1632022857666,25.9812068939209,9318084,2020-02-07
25.848960876464844,26.441967010498047,25.62594985961914,26.411556243896484,26.227832794189453,5327100,2020-02-10
26.4064884185791,26.913330078125,26.355802536010742,26.487581253051758,26.303329467773438,8685935,2020-02-11
26.725797653198242,27.126203536987305,26.64977264404297,27.014698028564453,26.826780319213867,6874129,2020-02-12
26.330461502075195,26.7764835357666,26.06690216064453,26.634567260742188,26.44929313659668,6760485,2020-02-13
26.837303161621094,27.141408920288086,26.675113677978516,26.80182456970215,26.615386962890625,4158295,2020-02-14
26.507856369018555,26.837303161621094,26.29498291015625,26.74607276916504,26.560022354125977,5139862,2020-02-18
26.811960220336914,27.16168212890625,26.73593521118164,27.034971237182617,26.846912384033203,5512759,2020-02-19
27.034971237182617,27.065383911132812,26.502788543701172,26.837303161621094,26.650619506835938,5310724,2020-02-20
26.71059226989746,26.766345977783203,25.955398559570312,26.213886260986328,26.031538009643555,4403144,2020-02-21
25.22554588317871,25.276229858398438,24.034465789794922,24.48555564880371,24.315229415893555,7265770,2020-02-24
24.860618591308594,24.9366455078125,23.400911331176758,23.426254272460938,23.26329803466797,6799550,2020-02-25
23.679676055908203,23.99391746520996,22.959959030151367,23.27927017211914,23.11733627319336,6851242,2020-02-26
22.569690704345703,23.081602096557617,21.74353790283203,22.078054428100586,21.924476623535156,11049984,2020-02-27
20.881906509399414,21.8499755859375,19.868221282958984,20.5068416595459,20.364192962646484,16947084,2020-02-28
20.638620376586914,21.53573226928711,19.969589233398438,21.485048294067383,21.335594177246094,7908770,2020-03-02
21.626964569091797,22.15407943725586,20.98834228515625,21.175874710083008,21.02857208251953,9216475,2020-03-03
21.53573226928711,21.9868221282959,20.8768367767334,21.9868221282959,21.833877563476562,6008377,2020-03-04
21.30258560180664,21.571210861206055,20.522048950195312,20.704511642456055,20.560487747192383,7139103,2020-03-05
19.76685333251953,20.719715118408203,19.574251174926758,20.08109474182129,19.941408157348633,8400837,2020-03-06
18.48961067199707,18.651798248291016,17.972631454467773,18.373035430908203,18.245229721069336,10960804,2020-03-09
19.10795783996582,19.959453582763672,17.992904663085938,19.837810516357422,19.69981575012207,9943920,2020-03-10
19.077547073364258,19.538772583007812,18.535226821899414,18.72275733947754,18.592519760131836,9386942,2020-03-11
17.222503662109375,17.698936462402344,16.37607765197754,16.594018936157227,16.478588104248047,13329588,2020-03-12
17.83071517944336,18.220983505249023,16.796756744384766,18.220983505249023,18.094236373901367,9643038,2020-03-13
14.789660453796387,17.38976287841797,14.789660453796387,16.325393676757812,16.21183204650879,10100379,2020-03-16
16.629497528076172,16.958946228027344,15.326912879943848,15.874302864074707,15.76387882232666,9976277,2020-03-17
14.698429107666016,15.28129768371582,12.929549217224121,14.632538795471191,14.530752182006836,9067711,2020-03-18
14.698429107666016,16.578813552856445,14.282817840576172,16.19868278503418,16.086002349853516,8396299,2020-03-19
16.644702911376953,18.69741439819336,16.229093551635742,16.467309951782227,16.352760314941406,13518799,2020-03-20
16.725797653198242,18.109477996826172,15.98073959350586,17.20223045349121,17.082569122314453,7340349,2020-03-23
18.479473114013672,19.695894241333008,17.501266479492188,19.690826416015625,19.55385398864746,7084254,2020-03-24
19.954383850097656,21.490116119384766,19.346172332763672,19.939178466796875,19.800477981567383,7389280,2020-03-25
20.243284225463867,21.74353790283203,20.020273208618164,21.56107521057129,21.41109275817871,6317941,2020-03-26
20.390268325805664,20.775468826293945,19.39685821533203,19.6401424407959,19.503522872924805,6310246,2020-03-27
20.126710891723633,20.86669921875,19.65534782409668,20.172325134277344,20.03200340270996,6928979,2020-03-30
20.0,20.780536651611328,19.71109962463379,20.045616149902344,19.90617561340332,3495761,2020-03-31
19.13330078125,19.695894241333008,18.50481414794922,18.702484130859375,18.572385787963867,4866207,2020-04-01
18.540294647216797,19.28535270690918,18.332489013671875,18.824125289916992,18.69318199157715,3894307,2020-04-02
18.73796272277832,19.097820281982422,18.008108139038086,18.469335556030273,18.34086036682129,4084899,2020-04-03
19.498226165771484,19.837810516357422,19.214393615722656,19.721237182617188,19.58405303955078,6457629,2020-04-06
20.23314666748047,20.669031143188477,19.336036682128906,19.447542190551758,19.3122615814209,7205396,2020-04-07
19.665483474731445,20.623416900634766,19.564115524291992,20.46629524230957,20.323928833007812,6720038,2020-04-08
21.1201229095459,21.667510986328125,20.85149574279785,21.064369201660156,20.917842864990234,8348158,2020-04-09
20.608211517333984,20.942726135253906,20.23314666748047,20.5068416595459,20.364192962646484,3434006,2020-04-13
20.8768367767334,21.464773178100586,20.679168701171875,20.952863693237305,20.807111740112305,5004120,2020-04-14
20.28890037536621,20.709579467773438,20.07095718383789,20.501773834228516,20.359159469604492,4119427,2020-04-15
20.648757934570312,20.8768367767334,20.207805633544922,20.831220626831055,20.686315536499023,3042169,2020-04-16
21.363405227661133,21.424226760864258,20.780536651611328,21.039026260375977,20.892675399780273,6397453,2020-04-17
20.446020126342773,21.16573715209961,20.349721908569336,20.760263442993164,20.61585235595703,4069510,2020-04-20
20.238216400146484,20.349721908569336,18.854536056518555,18.95590591430664,18.824045181274414,7012437,2020-04-21
19.412063598632812,19.868221282958984,19.204256057739258,19.6401424407959,19.503522872924805,7617950,2020-04-22
19.873289108276367,20.162189483642578,19.61479949951172,19.721237182617188,19.58405303955078,2845855,2020-04-23
19.934110641479492,20.26355743408203,19.513431549072266,20.116573333740234,19.976638793945312,3493788,2020-04-24
20.35478973388672,20.582868576049805,20.278762817382812,20.3699951171875,20.22829818725586,3014349,2020-04-27
20.775468826293945,20.963001251220703,20.375062942504883,20.69944190979004,20.555452346801758,5056996,2020-04-28
21.054231643676758,22.133806228637695,20.983274459838867,21.991891860961914,21.838912963867188,6579363,2020-04-29
21.794221878051758,22.012163162231445,21.459705352783203,21.637100219726562,21.486589431762695,3432231,2020-04-30
21.079574584960938,21.282310485839844,20.162189483642578,20.27369499206543,20.132667541503906,3702926,2020-05-01
20.10643768310547,20.56259536743164,19.660415649414062,20.552457809448242,20.40949249267578,2514589,2020-05-04
20.780536651611328,21.115053176879883,20.349721908569336,20.3699951171875,20.22829818725586,2149781,2020-05-05
20.577800750732422,20.84642791748047,20.3801326751709,20.522048950195312,20.37929344177246,2265201,2020-05-06
20.81094741821289,21.201215744018555,20.709579467773438,21.160669326782227,21.013471603393555,2209365,2020-05-07
21.490116119384766,22.199695587158203,21.419158935546875,22.12367057800293,21.96977424621582,4143695,2020-05-08
21.926000595092773,22.184490203857422,21.556005477905273,21.981754302978516,21.828845977783203,3142200,2020-05-11
22.067916870117188,22.19462776184082,21.41408920288086,21.41408920288086,21.26512908935547,4281805,2020-05-12
21.464773178100586,21.642169952392578,20.45108985900879,20.795743942260742,20.651084899902344,4291472,2020-05-13
20.35478973388672,21.2366943359375,19.91890525817871,21.216421127319336,21.068836212158203,3262750,2020-05-14
20.861631393432617,21.419158935546875,20.56259536743164,21.33299446105957,21.184598922729492,3069593,2020-05-15
21.72833251953125,22.493663787841797,21.566143035888672,22.189559936523438,22.035205841064453,3665439,2020-05-18
22.093259811401367,22.777496337890625,22.093259811401367,22.321338653564453,22.166067123413086,4253591,2020-05-19
22.513938903808594,22.787633895874023,22.17942237854004,22.63558006286621,22.47812271118164,4144484,2020-05-20
22.650785446166992,22.82818031311035,22.067916870117188,22.498733520507812,22.342227935791016,3477018,2020-05-21
21.996959686279297,22.199695587158203,21.231626510620117,21.829700469970703,21.67784881591797,5418450,2020-05-22
22.696401596069336,22.858591079711914,22.498733520507812,22.534212112426758,22.377460479736328,3831961,2020-05-26
22.807907104492188,23.0968074798584,22.138874053955078,23.0968074798584,22.936141967773438,5659748,2020-05-27
22.944753646850586,23.411048889160156,22.929548263549805,23.10187530517578,22.94117546081543,8541906,2020-05-28
24.835275650024414,25.342119216918945,24.328433990478516,25.15965461730957,24.98464012145996,23420102,2020-05-29
24.956918716430664,25.24074935913086,24.47035026550293,25.022808074951172,24.848745346069336,7528179,2020-06-01
25.038013458251953,25.15965461730957,24.642675399780273,24.91130256652832,24.73801612854004,5828439,2020-06-02
25.08869743347168,25.119108200073242,24.688291549682617,24.738975524902344,24.56688690185547,5198658,2020-06-03
24.55144500732422,24.956918716430664,24.404460906982422,24.9366455078125,24.763181686401367,5245812,2020-06-04
25.058286666870117,26.026355743408203,25.058286666870117,25.605676651000977,25.42755889892578,8202353,2020-06-05
25.848960876464844,26.37607765197754,25.74759292602539,26.1834774017334,26.001340866088867,7115624,2020-06-08
26.001014709472656,26.001014709472656,25.286365509033203,25.357324600219727,25.18093490600586,4731057,2020-06-09
25.37759780883789,25.45869255065918,24.81500244140625,25.03294563293457,24.85881233215332,2883540,2020-06-10
24.3233642578125,24.45514488220215,23.542827606201172,23.613786697387695,23.449525833129883,6145698,2020-06-11
24.515966415405273,24.673086166381836,23.36036491394043,23.770906448364258,23.605552673339844,3785003,2020-06-12
23.213380813598633,24.029396057128906,23.122148513793945,23.852001190185547,23.68608283996582,4336259,2020-06-15
24.591991424560547,24.683223724365234,23.887481689453125,24.166244506835938,23.998140335083008,3159957,2020-06-16
24.21186065673828,24.642675399780273,24.05980682373047,24.08514976501465,23.91761016845703,4104235,2020-06-17
23.943233489990234,24.095285415649414,23.684743881225586,24.034465789794922,23.867279052734375,4487391,2020-06-18
24.50075912475586,25.098833084106445,24.358844757080078,24.794729232788086,24.62225341796875,6059478,2020-06-19
24.63760757446289,24.96705436706543,24.247339248657227,24.475418090820312,24.30516242980957,3595003,2020-06-22
24.749113082885742,25.098833084106445,24.50075912475586,24.84034538269043,24.667551040649414,10216983,2020-06-23
27.800304412841797,27.825645446777344,26.208818435668945,26.913330078125,26.726116180419922,31476453,2020-06-24
26.573745727539062,26.629497528076172,25.737455368041992,26.153066635131836,25.971141815185547,7400723,2020-06-25
25.955398559570312,26.822097778320312,25.74759292602539,26.482513427734375,26.298295974731445,10050659,2020-06-26
26.695388793945312,27.328941345214844,26.264572143554688,27.247846603393555,27.058305740356445,7782696,2020-06-29
27.278255462646484,27.992904663085938,27.075519561767578,27.84592056274414,27.652219772338867,6045272,2020-06-30
27.906740188598633,28.165231704711914,27.404966354370117,27.511404037475586,27.320030212402344,5496778,2020-07-01
27.95742416381836,28.251394271850586,27.227571487426758,27.24277687072754,27.053272247314453,3671556,2020-07-02
27.622909545898438,27.70907211303711,27.247846603393555,27.399898529052734,27.209300994873047,3368306,2020-07-06
27.17181968688965,27.344146728515625,26.80182456970215,26.837303161621094,26.650619506835938,3580008,2020-07-07
26.958946228027344,27.445514678955078,26.811960220336914,27.445514678955078,27.25459861755371,4085294,2020-07-08
27.57222557067871,27.57222557067871,26.862646102905273,27.212366104125977,27.023073196411133,2747008,2020-07-09
27.11606788635254,27.212366104125977,26.822097778320312,27.08058738708496,26.892210006713867,2285129,2020-07-10
27.11606788635254,27.212366104125977,26.229093551635742,26.239229202270508,26.056705474853516,4150008,2020-07-13
26.026355743408203,26.63963508605957,25.889507293701172,26.609224319458008,26.42412567138672,2630404,2020-07-14
26.705524444580078,27.060314178466797,26.43689727783203,26.700456619262695,26.514724731445312,3846166,2020-07-15
29.71109962463379,31.2366943359375,29.675621032714844,29.954383850097656,29.746015548706055,50015945,2020-07-16
29.782058715820312,30.734920501708984,29.36644744873047,30.598073959350586,30.385229110717773,11194999,2020-07-17
30.56259536743164,31.348201751708984,30.501773834228516,31.145463943481445,30.92881202697754,6124389,2020-07-20
31.272174835205078,31.677648544311523,30.942726135253906,30.947795867919922,30.73251724243164,5450018,2020-07-21
31.089710235595703,31.682716369628906,31.01368522644043,31.30258560180664,31.0848388671875,5695459,2020-07-22
31.30258560180664,31.875316619873047,30.8768367767334,31.18094253540039,30.96404266357422,4228534,2020-07-23
30.739990234375,31.023822784423828,30.527116775512695,30.816015243530273,30.601654052734375,2538265,2020-07-24
30.841358184814453,31.089710235595703,30.638620376586914,30.897111892700195,30.682186126708984,2799687,2020-07-27
30.734920501708984,30.881906509399414,30.020273208618164,30.091232299804688,29.881912231445312,3281099,2020-07-28
30.121641159057617,30.516979217529297,30.0,30.253421783447266,30.0429744720459,3532459,2020-07-29
29.949316024780273,30.157121658325195,29.45261001586914,29.98479461669922,29.776216506958008,3671161,2020-07-30
30.228078842163086,30.3699951171875,29.650278091430664,30.324378967285156,30.11343765258789,3420985,2020-07-31
30.364927291870117,30.83629035949707,30.091232299804688,30.653827667236328,30.440595626831055,3327070,2020-08-03
30.638620376586914,30.745058059692383,30.314241409301758,30.57273292541504,30.360063552856445,3335159,2020-08-04
30.790674209594727,31.00354766845703,30.598073959350586,30.719715118408203,30.506023406982422,2275856,2020-08-05
30.542320251464844,31.039026260375977,30.364927291870117,30.89204216003418,30.677152633666992,3726208,2020-08-06
30.800811767578125,30.871768951416016,30.435884475708008,30.816015243530273,30.601654052734375,2072834,2020-08-07
31.00354766845703,31.45463752746582,30.897111892700195,31.338064193725586,31.120071411132812,3092086,2020-08-10
31.545869827270508,32.02737045288086,31.1099853515625,31.19108009338379,30.974109649658203,4107589,2020-08-11
31.474910736083984,31.571210861206055,31.06943702697754,31.338064193725586,31.120071411132812,1955046,2020-08-12
31.023822784423828,31.231626510620117,30.157121658325195,30.187532424926758,29.977542877197266,5350381,2020-08-13
30.29903793334961,30.587936401367188,30.197668075561523,30.364927291870117,30.153703689575195,2139719,2020-08-14
30.511911392211914,30.760263442993164,30.228078842163086,30.253421783447266,30.0429744720459,1871588,2020-08-17
30.217941284179688,30.593006134033203,30.217941284179688,30.420679092407227,30.209068298339844,1631276,2020-08-18
30.57273292541504,30.75519561767578,30.268625259399414,30.334516525268555,30.123504638671875,3573103,2020-08-19
30.28890037536621,30.390268325805664,30.065889358520508,30.238216400146484,30.027873992919922,1906510,2020-08-20
30.08109474182129,30.75519561767578,30.060821533203125,30.64369010925293,30.43052864074707,4371182,2020-08-21
31.37354278564453,31.525596618652344,30.99847984313965,31.201215744018555,30.984174728393555,2523467,2020-08-24
31.201215744018555,31.37354278564453,30.638620376586914,30.734920501708984,30.5211238861084,2681110,2020-08-25
31.33299446105957,31.56107521057129,30.83629035949707,31.490116119384766,31.271066665649414,4099499,2020-08-26
31.72833251953125,32.022300720214844,31.155601501464844,31.642169952392578,31.422061920166016,7382966,2020-08-27
33.213382720947266,34.272682189941406,32.843387603759766,33.55803298950195,33.3245964050293,17972452,2020-08-28
33.2336540222168,34.14596939086914,33.162696838378906,33.49214553833008,33.25917053222656,5917619,2020-08-31
33.66447067260742,33.877342224121094,33.30461120605469,33.639129638671875,33.40513229370117,4548357,2020-09-01
33.92295837402344,34.77445602416992,33.623924255371094,34.70349884033203,34.46209716796875,4577755,2020-09-02
34.01926040649414,34.29802322387695,32.640647888183594,33.218448638916016,32.98737716674805,4005387,2020-09-03
33.11708068847656,33.55296325683594,31.996959686279297,32.76736068725586,32.539424896240234,4566114,2020-09-04
31.956411361694336,33.23872375488281,31.78408432006836,32.513938903808594,32.28776550292969,5832188,2020-09-08
33.00050735473633,34.151039123535156,32.843387603759766,33.877342224121094,33.641685485839844,6426653,2020-09-09
33.998985290527344,34.120628356933594,32.96502685546875,33.16776657104492,32.93704605102539,3963757,2020-09-10
33.3096809387207,33.831729888916016,33.086669921875,33.64926528930664,33.41519546508789,3386852,2020-09-11
33.958438873291016,34.35377502441406,33.694881439208984,33.88241195678711,33.64672088623047,4197755,2020-09-14
34.21186065673828,34.53116989135742,33.821590423583984,34.009124755859375,33.772552490234375,2875450,2020-09-15
34.29802322387695,34.74911117553711,34.12569808959961,34.14596939086914,33.908443450927734,4367433,2020-09-16
33.61885452270508,34.28788757324219,33.19310760498047,33.73542785644531,33.50075912475586,4471213,2020-09-17
33.77090835571289,34.03953552246094,33.36036682128906,33.639129638671875,33.40513229370117,21878202,2020-09-18
32.82817840576172,33.20831298828125,32.295997619628906,33.19817352294922,32.96724319458008,4275294,2020-09-21
33.51241683959961,33.61885452270508,32.92955017089844,33.60871887207031,33.37493133544922,2148794,2020-09-22
34.069942474365234,34.13076400756836,33.12215042114258,33.253929138183594,33.02260971069336,4193414,2020-09-23
33.010643005371094,33.4363899230957,32.61530685424805,33.132286071777344,32.90181350708008,3206322,2020-09-24
32.94475555419922,33.380638122558594,32.762290954589844,33.3096809387207,33.077972412109375,2413768,2020-09-25
33.86214065551758,34.28281784057617,33.68981170654297,34.11555862426758,33.87824630737305,3783622,2020-09-28
34.206790924072266,34.7136344909668,33.902687072753906,34.66801834106445,34.42686080932617,2713467,2020-09-29
34.66294860839844,34.91130447387695,34.04460144042969,34.30815887451172,34.06950759887695,3286229,2020-09-30
34.556514739990234,34.72377014160156,34.01926040649414,34.23213577270508,33.99401092529297,2183716,2020-10-01
33.395843505859375,34.277748107910156,33.3096809387207,34.03953552246094,33.80274963378906,1975565,2020-10-02
34.40953063964844,34.62240219116211,34.11049270629883,34.57171630859375,34.33123016357422,4981036,2020-10-05
34.51089859008789,34.91130447387695,34.05980682373047,34.20172119140625,33.963809967041016,3792698,2020-10-06
34.62240219116211,34.647743225097656,33.993919372558594,34.16624450683594,33.9285774230957,4220050,2020-10-07
34.21186065673828,35.0836296081543,34.18144989013672,34.79979705810547,34.55772399902344,4895013,2020-10-08
35.017738342285156,35.195133209228516,34.63760757446289,34.66294860839844,34.42182922363281,2297559,2020-10-09
34.79472732543945,35.230613708496094,34.71870040893555,35.09883499145508,34.85468292236328,1562221,2020-10-12
35.478965759277344,36.006080627441406,35.25088882446289,35.737457275390625,35.488861083984375,3167454,2020-10-13
35.85909652709961,36.21388626098633,35.620880126953125,35.808414459228516,35.559326171875,2077372,2020-10-14
35.24074935913086,35.68170166015625,34.896095275878906,35.49924087524414,35.25230407714844,2558192,2020-10-15
35.89457702636719,36.09224319458008,35.53978729248047,35.55499267578125,35.30766677856445,2992055,2020-10-16
35.68170166015625,35.94019317626953,35.08869552612305,35.22554397583008,34.98051071166992,2087631,2020-10-19
35.544857025146484,35.6766357421875,35.1596565246582,35.179927825927734,34.935211181640625,1474620,2020-10-20
35.33705139160156,35.76279830932617,35.15458679199219,35.39280319213867,35.1466064453125,3767641,2020-10-21
35.69184112548828,35.69184112548828,34.35377502441406,34.860618591308594,34.61812210083008,2001214,2020-10-22
34.8403434753418,34.90116500854492,34.384185791015625,34.556514739990234,34.31613540649414,2602979,2020-10-23
34.135833740234375,34.206790924072266,32.407501220703125,32.8129768371582,32.58472442626953,3910486,2020-10-26
32.843387603759766,32.9396858215332,32.179420471191406,32.219970703125,31.9958438873291,1867642,2020-10-27
31.444501876831055,31.64723777770996,30.7501277923584,30.765331268310547,30.55132293701172,3457485,2020-10-28
30.65889549255371,30.93259048461914,30.319311141967773,30.674100875854492,30.46072769165039,3550216,2020-10-29
30.63355255126953,30.85149574279785,29.842878341674805,30.542320251464844,30.329862594604492,3561265,2020-10-30
31.01368522644043,31.150531768798828,30.44095230102539,30.557527542114258,30.3449649810791,2206603,2020-11-02
30.952863693237305,31.86517906188965,30.922452926635742,31.297515869140625,31.079805374145508,1673893,2020-11-03
31.662443161010742,31.956411361694336,31.089710235595703,31.540800094604492,31.32139778137207,3366135,2020-11-04
32.03243637084961,32.74201583862305,31.931068420410156,32.6963996887207,32.46895980834961,3003301,2020-11-05
32.80283737182617,32.883934020996094,32.13380432128906,32.7369499206543,32.50922775268555,1501650,2020-11-06
33.41611862182617,33.4769401550293,32.534210205078125,32.55955505371094,32.333065032958984,2973508,2020-11-09
32.50886917114258,33.041053771972656,32.06791687011719,32.74708557128906,32.519290924072266,3444266,2020-11-10
33.081600189208984,33.081600189208984,32.473392486572266,32.883934020996094,32.655189514160156,1970830,2020-11-11
32.86872863769531,33.162696838378906,32.407501220703125,32.650787353515625,32.42366409301758,2410809,2020-11-12
32.92448043823242,33.54789733886719,32.82817840576172,33.507347106933594,33.27426528930664,2973903,2020-11-13
33.72022247314453,34.2169303894043,33.253929138183594,34.135833740234375,33.898380279541016,2832636,2020-11-16
33.877342224121094,34.566650390625,33.73542785644531,34.39432144165039,34.155067443847656,1966094,2020-11-17
34.693359375,34.85554885864258,34.18144989013672,34.262542724609375,34.024208068847656,2527413,2020-11-18
34.191585540771484,34.83020782470703,33.81145477294922,34.71870040893555,34.47719192504883,4564141,2020-11-19
34.81500244140625,35.068424224853516,34.617332458496094,34.63760757446289,34.396663665771484,2840331,2020-11-20
34.769386291503906,35.39786911010742,34.738975524902344,35.16472244262695,34.92011260986328,2931286,2020-11-23
35.478965759277344,35.73238754272461,35.174861907958984,35.64622497558594,35.39826583862305,5787006,2020-11-24
35.39280319213867,35.46883010864258,34.08515167236328,35.14951705932617,34.90501022338867,8768407,2020-11-25
35.15458679199219,35.59046936035156,34.987327575683594,35.387733459472656,35.141571044921875,2779365,2020-11-27
35.600608825683594,35.69184112548828,34.4703483581543,34.987327575683594,34.74394989013672,4739935,2020-11-30
35.40293884277344,35.86923599243164,35.002532958984375,35.742523193359375,35.493892669677734,6792842,2020-12-01
35.7830696105957,36.03649139404297,35.31170654296875,35.742523193359375,35.493892669677734,4693964,2020-12-02
35.89457702636719,36.24429702758789,35.52458190917969,35.94019317626953,35.690185546875,4426623,2020-12-03
36.006080627441406,36.63456726074219,35.808414459228516,36.5433349609375,36.28913497924805,5061337,2020-12-04
36.60922622680664,36.81703186035156,35.45869064331055,35.671566009521484,35.42342758178711,6222645,2020-12-07
35.64115524291992,36.45210266113281,35.549922943115234,36.426761627197266,36.173370361328125,3625585,2020-12-08
36.5636100769043,36.98428726196289,35.990875244140625,36.25443649291992,36.00224304199219,4662396,2020-12-09
35.96046447753906,36.61429214477539,35.636085510253906,36.57374572753906,36.319332122802734,4902116,2020-12-10
36.345664978027344,36.7663459777832,36.06183624267578,36.31018829345703,36.05760955810547,2887091,2020-12-11
36.492652893066406,36.98428726196289,36.45210266113281,36.710594177246094,36.455230712890625,4259312,2020-12-14
37.16168212890625,37.44551467895508,36.68524932861328,37.37455749511719,37.11457443237305,3963362,2020-12-15
37.48099136352539,37.6533203125,37.328941345214844,37.44044494628906,37.18000411987305,3201982,2020-12-16
37.592498779296875,37.92194747924805,37.57222366333008,37.86619567871094,37.60279083251953,3632490,2020-12-17
38.013179779052734,38.210845947265625,36.68524932861328,36.958946228027344,36.70185470581055,9961677,2020-12-18
36.65483856201172,37.17182159423828,36.001014709472656,37.029903411865234,36.772315979003906,3446042,2020-12-21
37.35428237915039,37.44044494628906,36.77141571044922,36.86264419555664,36.60622024536133,2565492,2020-12-22
36.94881057739258,37.4303092956543,36.6903190612793,37.20222854614258,36.943443298339844,3252096,2020-12-23
37.38469314575195,37.450584411621094,36.87278366088867,36.99442672729492,36.73708724975586,3294318,2020-12-24
37.278255462646484,37.37962341308594,36.715660095214844,36.923465728759766,36.66661834716797,6292884,2020-12-28
36.96908187866211,37.36442184448242,36.163204193115234,36.23923110961914,35.987144470214844,8200972,2020-12-29
36.33045959472656,37.02483367919922,36.249366760253906,36.746070861816406,36.49045944213867,8683962,2020-12-30
36.852508544921875,37.1870231628418,36.477447509765625,37.14647674560547,36.88808059692383,2456188,2020-12-31
37.450584411621094,37.450584411621094,36.33552932739258,36.741004943847656,36.48542785644531,6927203,2021-01-04
36.44196701049805,37.49620056152344,36.23923110961914,37.23263931274414,36.9736442565918,4051555,2021-01-05
37.16168212890625,38.12975311279297,36.95387649536133,37.541812896728516,37.28066635131836,5155844,2021-01-06
38.013179779052734,38.69741439819336,37.77496337890625,38.69234848022461,38.42319869995117,4542635,2021-01-07
38.824127197265625,39.23466873168945,38.393310546875,39.13836669921875,38.86611557006836,5304213,2021-01-08
38.65686798095703,38.94576644897461,38.332489013671875,38.332489013671875,38.06584167480469,2937402,2021-01-11
38.44906234741211,38.90522003173828,38.30714416503906,38.900150299072266,38.629554748535156,2739511,2021-01-12
37.88646697998047,38.0030403137207,35.57019805908203,36.10238265991211,35.85124969482422,15098974,2021-01-13
36.13785934448242,37.4303092956543,36.11758804321289,37.12620544433594,36.867950439453125,8655156,2021-01-14
37.07551956176758,37.962493896484375,36.9336051940918,37.63811492919922,37.37629699707031,6529052,2021-01-15
37.79523468017578,38.02838134765625,37.65838623046875,37.94221878051758,37.678287506103516,4898170,2021-01-19
38.48960876464844,39.11809539794922,37.97262954711914,39.05220413208008,38.78055191040039,6958771,2021-01-20
39.31069564819336,39.391788482666016,38.469337463378906,38.97617721557617,38.70505142211914,4772095,2021-01-21
38.42372131347656,38.61125183105469,38.02838134765625,38.48960876464844,38.22187042236328,2249417,2021-01-22
38.69234848022461,38.71261978149414,37.25798416137695,38.35783004760742,38.091007232666016,2686437,2021-01-25
38.52001953125,38.76837158203125,37.98783493041992,38.5402946472168,38.27220153808594,2520508,2021-01-26
37.81550979614258,38.388240814208984,37.10593032836914,37.43537902832031,37.17497253417969,5637650,2021-01-27
37.42523956298828,38.10947799682617,36.93867111206055,37.465789794921875,37.20517349243164,5227858,2021-01-28
37.222503662109375,37.8003044128418,36.68018341064453,36.94374084472656,36.6867561340332,3720683,2021-01-29
37.328941345214844,37.87126159667969,36.84743881225586,37.48099136352539,37.22026824951172,3231379,2021-02-01
39.016727447509766,39.39685821533203,38.73289489746094,39.1130256652832,38.84095001220703,8058324,2021-02-02
38.900150299072266,39.70096206665039,38.900150299072266,39.4069938659668,39.13287353515625,2721754,2021-02-03
39.619869232177734,40.21287536621094,39.55904769897461,40.197669982910156,39.91804885864258,2943321,2021-02-04
40.293968200683594,40.58793640136719,40.13684844970703,40.3497200012207,40.06904220581055,3535616,2021-02-05
40.54738998413086,40.907249450683594,40.293968200683594,40.5169792175293,40.235137939453125,9876049,2021-02-08
40.19260025024414,40.51190948486328,39.939178466796875,40.33958435058594,40.05897521972656,8452332,2021-02-09
40.46122741699219,40.54738998413086,39.746578216552734,40.33451461791992,40.05393981933594,9603578,2021-02-10
40.46629333496094,40.608211517333984,39.457679748535156,40.293968200683594,40.013675689697266,3077091,2021-02-11
40.31424331665039,40.57780075073242,39.96451950073242,40.572731018066406,40.29050064086914,3497340,2021-02-12
40.93765640258789,41.00861740112305,39.77191925048828,40.26355743408203,39.98347854614258,6170952,2021-02-16
39.95945358276367,40.53218460083008,39.84288024902344,40.172325134277344,39.892879486083984,3593819,2021-02-17
39.89863204956055,40.816017150878906,39.619869232177734,40.3902702331543,40.109310150146484,3027174,2021-02-18
40.88190460205078,41.21642303466797,40.56766128540039,40.93765640258789,40.652889251708984,3269853,2021-02-19
40.8869743347168,41.55093765258789,40.31424331665039,40.93765640258789,40.652889251708984,5745968,2021-02-22
40.54738998413086,40.993412017822266,39.04206848144531,40.83122253417969,40.54719543457031,5043975,2021-02-23
40.94779586791992,41.52052688598633,40.75519561767578,41.403953552246094,41.11594009399414,3969676,2021-02-24
41.05423355102539,41.35833740234375,40.02534103393555,40.38520050048828,40.10427474975586,5594047,2021-02-25
40.89204406738281,42.16421890258789,40.54738998413086,41.0897102355957,40.80388259887695,6943776,2021-02-26
41.09477996826172,42.29092788696289,41.09477996826172,42.11353302001953,41.82058334350586,4621753,2021-03-01
42.06791687011719,42.356815338134766,41.63203048706055,41.92093276977539,41.62932586669922,2937205,2021-03-02
42.108463287353516,42.66092300415039,41.83477020263672,42.37202072143555,42.077274322509766,5848564,2021-03-03
42.280792236328125,42.777496337890625,41.277244567871094,41.966548919677734,41.67462158203125,5422791,2021-03-04
42.50886917114258,43.43132400512695,42.25544738769531,43.258995056152344,42.95808029174805,6930557,2021-03-05
43.54789733886719,43.93816375732422,43.05118942260742,43.13735580444336,42.837284088134766,6884981,2021-03-08
43.63405990600586,44.53116989135742,43.588443756103516,43.836795806884766,43.5318603515625,4318897,2021-03-09
44.05980682373047,44.65788269042969,43.96857452392578,44.439937591552734,44.13080596923828,4408866,2021-03-10
44.60213088989258,45.34718704223633,44.60213088989258,44.9163703918457,44.60392379760742,7447286,2021-03-11
44.86568832397461,45.02787780761719,44.42980194091797,45.017738342285156,44.704586029052734,2858088,2021-03-12
44.97719192504883,45.27116012573242,44.7136344909668,45.261024475097656,44.94618225097656,5621472,2021-03-15
45.36239242553711,45.509376525878906,44.733909606933594,45.14951705932617,44.83544921875,5880329,2021-03-16
44.997467041015625,46.38114547729492,44.66801834106445,46.26457214355469,45.9427490234375,6162468,2021-03-17
45.848960876464844,45.848960876464844,44.627471923828125,44.65788269042969,44.34723663330078,6201731,2021-03-18
44.46021270751953,44.987327575683594,44.37405014038086,44.41459655761719,44.10564041137695,7791772,2021-03-19
44.313228607177734,44.74404525756836,44.05980682373047,44.272682189941406,43.96471405029297,6212385,2021-03-22
44.135833740234375,44.576786041259766,42.98530197143555,43.461734771728516,43.15940856933594,5250745,2021-03-23
43.75570297241211,44.29802322387695,43.507347106933594,43.765838623046875,43.461395263671875,5446269,2021-03-24
43.162696838378906,44.04460144042969,43.03091812133789,43.583377838134766,43.28020477294922,3417039,2021-03-25
43.92802810668945,45.108970642089844,43.694881439208984,45.103904724121094,44.79015350341797,5169063,2021-03-26
44.94171142578125,45.42828369140625,44.48555374145508,44.70856475830078,44.39756393432617,4094567,2021-03-29
44.439937591552734,45.13431167602539,44.40446090698242,44.90116500854492,44.58882522583008,4601036,2021-03-30
44.931575775146484,45.108970642089844,44.57171630859375,44.67815399169922,44.367366790771484,3239271,2021-03-31
44.74404525756836,45.27622985839844,44.647743225097656,45.14951705932617,44.83544921875,3805720,2021-04-01
45.230613708496094,45.52458190917969,45.0836296081543,45.29143524169922,44.97637939453125,5019707,2021-04-05
45.32691192626953,45.600608825683594,45.108970642089844,45.352256774902344,45.03677749633789,4943154,2021-04-06
45.423213958740234,46.837303161621094,45.423213958740234,46.38114547729492,46.058509826660156,5613974,2021-04-07
46.781551361083984,47.07551956176758,45.91484832763672,46.923465728759766,46.5970573425293,6963309,2021-04-08
46.781551361083984,47.648250579833984,46.70045471191406,47.58236312866211,47.251373291015625,4034193,2021-04-09
47.00962829589844,47.663455963134766,46.908260345458984,47.36442184448242,47.03494644165039,4027090,2021-04-12
47.48099136352539,47.48099136352539,46.82209777832031,46.89812469482422,46.571895599365234,3293332,2021-04-13
46.96908187866211,47.39482879638672,46.908260345458984,46.98428726196289,46.65745544433594,5620682,2021-04-14
49.70096206665039,51.30765151977539,48.317283630371094,50.13684844970703,49.788089752197266,26547702,2021-04-15
50.54738998413086,51.78408432006836,50.28889846801758,51.403953552246094,51.04637908935547,11333504,2021-04-16
51.39381790161133,52.61023712158203,51.120121002197266,52.41763687133789,52.05301284790039,7467805,2021-04-19
52.43284225463867,52.46832275390625,51.26710510253906,51.434364318847656,51.07658004760742,5472510,2021-04-20
51.32792663574219,51.860111236572266,51.20628356933594,51.39888381958008,51.041343688964844,4750787,2021-04-21
51.38874816894531,51.7029914855957,50.739990234375,50.93259048461914,50.57829666137695,3146540,2021-04-22
51.18094253540039,51.59148406982422,50.93259048461914,51.39888381958008,51.041343688964844,5709862,2021-04-23
51.419158935546875,51.561073303222656,50.76533126831055,50.87683868408203,50.52293014526367,5005304,2021-04-26
50.82615280151367,51.35833740234375,50.790672302246094,51.04409408569336,50.689022064208984,3814598,2021-04-27
51.16573715209961,51.16573715209961,50.364925384521484,50.3902702331543,50.03974914550781,1792668,2021-04-28
50.7602653503418,51.05929946899414,50.41054153442383,50.68423843383789,50.331668853759766,2896167,2021-04-29
50.49163818359375,50.542320251464844,49.746578216552734,49.83781051635742,49.49113082885742,2448888,2021-04-30
50.27876281738281,50.435882568359375,49.49315643310547,49.55904769897461,49.21430587768555,5167682,2021-05-03
49.16371154785156,49.270145416259766,48.58591079711914,48.92042541503906,48.58012771606445,4061618,2021-05-04
49.30055618286133,50.03548049926758,48.930564880371094,49.873287200927734,49.52635955810547,4055107,2021-05-05
49.95945358276367,50.59807586669922,49.54384231567383,50.56766128540039,50.215904235839844,3599936,2021-05-06
50.68423843383789,51.545867919921875,50.56766128540039,51.22148895263672,50.86518478393555,4147641,2021-05-07
51.21642303466797,51.31779098510742,50.47643280029297,50.52204895019531,50.17060852050781,3178306,2021-05-10
49.03193283081055,49.73137283325195,48.64166259765625,49.579322814941406,49.234439849853516,7071824,2021-05-11
49.16877746582031,49.41206359863281,47.62797927856445,47.68880081176758,47.35707092285156,4925595,2021-05-12
48.13481903076172,49.13836669921875,47.95742416381836,48.85960388183594,48.51972961425781,2962854,2021-05-13
49.47795104980469,49.939178466796875,49.27521514892578,49.88849639892578,49.541465759277344,1881058,2021-05-14
49.67055130004883,50.10136795043945,49.498226165771484,49.868221282958984,49.521331787109375,2311567,2021-05-17
50.05575180053711,50.19260025024414,49.57425308227539,49.746578216552734,49.40053176879883,1869220,2021-05-18
48.86974334716797,49.45261001586914,48.352760314941406,49.06234359741211,48.7210578918457,3021847,2021-05-19
49.214393615722656,50.2230110168457,49.18905258178711,49.9797248840332,49.632057189941406,2802055,2021-05-20
50.39533615112305,50.53218460083008,49.827674865722656,49.90876770019531,49.56159591674805,2296769,2021-05-21
50.33451461791992,51.01875305175781,50.24835205078125,50.75519561767578,50.40213394165039,3656364,2021-05-24
51.03902816772461,51.160667419433594,50.40040588378906,50.435882568359375,50.08504104614258,4078783,2021-05-25
50.50684356689453,50.912315368652344,50.359859466552734,50.51190948486328,50.16054153442383,3318586,2021-05-26
50.790672302246094,50.91738510131836,50.172325134277344,50.53218460083008,50.1806755065918,6532208,2021-05-27
50.01520538330078,50.54738998413086,48.27166748046875,49.994930267333984,49.64715576171875,6509124,2021-05-28
50.47643280029297,52.19462585449219,50.39533615112305,52.12873840332031,51.76612091064453,8253256,2021-06-01
52.179420471191406,52.37202072143555,51.08464431762695,51.08464431762695,50.72929000854492,4747433,2021-06-02
50.82615280151367,51.67764663696289,50.31930923461914,51.525596618652344,51.16717529296875,5104151,2021-06-03
51.72833251953125,52.4936637878418,51.58641815185547,52.473392486572266,52.10837936401367,4336851,2021-06-04
52.80283737182617,52.914344787597656,51.90572738647461,52.1236686706543,51.76108932495117,2438431,2021-06-07
52.16928482055664,52.79777145385742,52.11860275268555,52.665992736816406,52.29964065551758,2725305,2021-06-08
52.81804275512695,52.899139404296875,52.34161376953125,52.69133377075195,52.324806213378906,2267372,2021-06-09
52.66092300415039,53.025848388671875,52.44804763793945,52.60517120361328,52.23924255371094,3439925,2021-06-10
52.458187103271484,52.76736068725586,51.60162353515625,52.70146942138672,52.334869384765625,3788949,2021-06-11
52.71160888671875,52.82311248779297,51.82463455200195,52.0729866027832,51.710758209228516,3681223,2021-06-14
52.143943786621094,52.36188507080078,51.89052200317383,52.13380432128906,51.77115249633789,2075201,2021-06-15
52.05778121948242,52.41257095336914,51.69792175292969,52.07805252075195,51.715789794921875,3290767,2021-06-16
52.07805252075195,52.07805252075195,50.41054153442383,50.50684356689453,50.15550994873047,5055813,2021-06-17
49.79219436645508,50.10136795043945,49.336036682128906,49.95945358276367,49.6119270324707,5546695,2021-06-18
50.29903793334961,50.76533126831055,50.21287536621094,50.68423843383789,50.331668853759766,3652418,2021-06-21
50.68423843383789,50.68423843383789,50.17739486694336,50.56259536743164,50.210872650146484,2206998,2021-06-22
50.53218460083008,50.60314178466797,50.17739486694336,50.28889846801758,49.93907928466797,2387133,2021-06-23
50.68423843383789,50.68423843383789,49.97465896606445,50.21794128417969,49.86861801147461,7347452,2021-06-24
50.430816650390625,50.58287048339844,50.309173583984375,50.430816650390625,50.080013275146484,9249424,2021-06-25
50.430816650390625,50.785606384277344,50.34465408325195,50.557525634765625,50.205841064453125,7946652,2021-06-28
50.58287048339844,51.8499755859375,50.364925384521484,51.79928970336914,51.43896484375,8192291,2021-06-29
51.34313201904297,51.530662536621094,50.48149871826172,50.5169792175293,50.16557312011719,5759582,2021-06-30
50.22808074951172,50.3902702331543,49.619869232177734,50.0202751159668,49.672325134277344,5603123,2021-07-01
50.253421783447266,50.53218460083008,49.619869232177734,50.364925384521484,50.01457977294922,4022750,2021-07-02
50.33451461791992,50.785606384277344,49.72630310058594,49.85808563232422,49.51126480102539,3589084,2021-07-06
50.15711975097656,50.7197151184082,49.84288024902344,50.42574691772461,50.07497787475586,3040985,2021-07-07
49.68069076538086,50.52711486816406,49.48809051513672,50.17739486694336,49.82835388183594,3542916,2021-07-08
50.32944869995117,51.120121002197266,50.28889846801758,50.81094741821289,50.457496643066406,5137100,2021-07-09
50.739990234375,50.739990234375,49.21946334838867,49.22959899902344,48.887149810791016,4087069,2021-07-12
49.0369987487793,49.05220413208008,47.5063362121582,47.521541595458984,47.190975189208984,6977514,2021-07-13
47.947288513183594,48.57070541381836,47.207298278808594,47.33907699584961,47.0097770690918,5163538,2021-07-14
47.10593032836914,47.50126647949219,46.746070861816406,47.46072006225586,47.130577087402344,5192147,2021-07-15
47.74961853027344,47.79523468017578,46.741004943847656,46.77648162841797,46.45109558105469,3884442,2021-07-16
46.03649139404297,47.273189544677734,45.90978240966797,47.07551956176758,46.74805450439453,4358160,2021-07-19
47.344146728515625,48.62645721435547,47.31373596191406,48.33755874633789,48.00131607055664,4929541,2021-07-20
48.50481414794922,49.01165771484375,48.210845947265625,48.7633056640625,48.42409896850586,3306156,2021-07-21
48.900150299072266,48.97111129760742,48.25646209716797,48.62645721435547,48.288204193115234,2737538,2021-07-22
48.65686798095703,49.01165771484375,48.44906234741211,48.935630798339844,48.5952262878418,2062574,2021-07-23
49.021793365478516,49.209327697753906,48.79371643066406,48.8900146484375,48.5499267578125,2463488,2021-07-26
48.46426773071289,48.84946823120117,48.12468338012695,48.70755386352539,48.368736267089844,1734859,2021-07-27
48.78357696533203,48.96097183227539,48.560569763183594,48.60111618041992,48.263038635253906,1140591,2021-07-28
48.829193115234375,49.11809539794922,48.43385696411133,49.057273864746094,48.71602249145508,1576822,2021-07-29
48.844398498535156,49.30055618286133,48.67713928222656,48.97111129760742,48.63045883178711,1586884,2021-07-30
49.20425796508789,49.22959899902344,48.651798248291016,48.80385208129883,48.46436309814453,2405876,2021-08-02
49.04206848144531,50.08109664916992,48.717689514160156,49.88849639892578,49.541465759277344,3140424,2021-08-03
49.66548538208008,49.72123718261719,49.2397346496582,49.36137771606445,49.01801300048828,1653571,2021-08-04
49.67055130004883,49.97465896606445,49.457679748535156,49.84288024902344,49.49616622924805,1729137,2021-08-05
49.86315155029297,50.08616256713867,49.706031799316406,49.94424819946289,49.59682846069336,1464163,2021-08-06
49.59959411621094,50.05575180053711,49.47288513183594,49.923973083496094,49.57669448852539,2125710,2021-08-09
50.15205383300781,50.26355743408203,49.74150848388672,49.883426666259766,49.53643035888672,1717102,2021-08-10
49.883426666259766,50.927520751953125,49.883426666259766,50.871768951416016,50.51789855957031,2432906,2021-08-11
50.90217971801758,51.0897102355957,50.48149871826172,50.942726135253906,50.58835983276367,2042450,2021-08-12
50.942726135253906,51.104915618896484,50.50684356689453,50.69944381713867,50.346771240234375,2552076,2021-08-13
50.44095230102539,50.613277435302734,49.94424819946289,50.50684356689453,50.15550994873047,1763073,2021-08-16
50.25849151611328,50.309173583984375,49.214393615722656,49.579322814941406,49.234439849853516,2405087,2021-08-17
49.36644744873047,49.72123718261719,49.13330078125,49.143436431884766,48.80158615112305,1565970,2021-08-18
48.65686798095703,49.13836669921875,48.40851593017578,48.76837158203125,48.42913055419922,2248431,2021-08-19
49.35124206542969,50.1469841003418,49.17384719848633,49.923973083496094,49.57669448852539,3037828,2021-08-20
50.15711975097656,50.91738510131836,49.883426666259766,50.74505615234375,50.392066955566406,3252885,2021-08-23
51.191078186035156,51.33806228637695,50.62848663330078,51.05929946899414,50.704124450683594,4843912,2021-08-24
50.90217971801758,51.915863037109375,50.7602653503418,51.72833251953125,51.36850357055664,3476426,2021-08-25
51.95134353637695,52.04257583618164,51.24683380126953,51.469844818115234,51.111812591552734,4156322,2021-08-26
50.005069732666016,51.42422866821289,48.155094146728516,49.13836669921875,48.79655075073242,10634075,2021-08-27
49.447540283203125,50.20780563354492,48.85960388183594,49.746578216552734,49.40053176879883,5722687,2021-08-30
49.73137283325195,49.89863204956055,49.265079498291016,49.39685821533203,49.053245544433594,4847858,2021-08-31
49.43233871459961,49.65534591674805,49.021793365478516,49.0369987487793,48.69588851928711,3568170,2021-09-01
49.17891311645508,49.584388732910156,48.9102897644043,49.199188232421875,48.85695266723633,4295616,2021-09-02
49.199188232421875,49.66548538208008,49.1130256652832,49.23466873168945,48.89218521118164,5029966,2021-09-03
49.06234359741211,49.265079498291016,48.580841064453125,48.66193771362305,48.32343673706055,5111648,2021-09-07
48.580841064453125,48.773441314697266,47.729347229003906,48.09427261352539,47.75971984863281,3880891,2021-09-08
47.911808013916016,49.06234359741211,47.911808013916016,48.84946823120117,48.50966262817383,3654391,2021-09-09
49.128231048583984,49.25494384765625,48.16016387939453,48.27166748046875,47.935882568359375,4062407,2021-09-10
49.868221282958984,50.380130767822266,49.447540283203125,50.12164306640625,49.772987365722656,11731655,2021-09-13
50.09123229980469,50.126712799072266,49.249874114990234,49.386722564697266,49.043182373046875,5554982,2021-09-14
49.47288513183594,51.05929946899414,49.29549026489258,50.907249450683594,50.553131103515625,5807131,2021-09-15
50.790672302246094,51.490116119384766,50.623416900634766,51.39381790161133,51.03631591796875,5478035,2021-09-16
51.39888381958008,51.76887893676758,49.954383850097656,50.95286560058594,50.59843063354492,8707836,2021-09-17
50.10136795043945,51.74353790283203,50.076026916503906,51.12519073486328,50.769554138183594,8217150,2021-09-20
51.69792175292969,51.79928970336914,50.09123229980469,50.3497200012207,49.99947738647461,5475667,2021-09-21
50.54738998413086,50.63355255126953,49.635074615478516,50.31424331665039,49.96424865722656,5756425,2021-09-22
51.07957458496094,53.33502197265625,50.17739486694336,52.04764175415039,51.68558883666992,11649184,2021-09-23
52.017234802246094,52.762290954589844,52.00202560424805,52.650787353515625,52.28453826904297,6315968,2021-09-24
52.422706604003906,53.26406478881836,52.39736557006836,53.15256118774414,52.78282165527344,4292853,2021-09-27
52.8129768371582,53.56310272216797,52.726810455322266,53.36543273925781,52.99421310424805,4103643,2021-09-28
53.522552490234375,53.85707092285156,52.665992736816406,53.411048889160156,53.039512634277344,4778211,2021-09-29
53.54789733886719,53.64926528930664,52.05778121948242,52.73188018798828,52.36507034301758,4859104,2021-09-30
53.010643005371094,53.85200119018555,52.777496337890625,53.61378479003906,53.24083709716797,3768825,2021-10-01
53.750633239746094,54.014190673828125,52.92448043823242,53.340091705322266,52.969051361083984,4091805,2021-10-04
53.6796760559082,53.953369140625,53.081600189208984,53.68981170654297,53.31633758544922,3353114,2021-10-05
53.00557327270508,53.573238372802734,52.68119430541992,53.47187042236328,53.099910736083984,3063674,2021-10-06
53.80131912231445,54.47541809082031,53.51241683959961,54.257476806640625,53.88005447387695,4105024,2021-10-07
54.47541809082031,54.68829345703125,52.843387603759766,53.24885940551758,52.87845230102539,5286654,2021-10-08
53.27927017211914,53.86214065551758,53.05118942260742,53.31981658935547,52.94891357421875,2772065,2021-10-11
53.284339904785156,53.48707580566406,52.39736557006836,52.584896087646484,52.21910858154297,3830579,2021-10-12
52.7166748046875,53.041053771972656,52.179420471191406,52.549415588378906,52.18387222290039,5377017,2021-10-13
52.833248138427734,53.94830322265625,52.79777145385742,53.72529220581055,53.35157012939453,3618679,2021-10-14
54.1003532409668,54.72377014160156,53.85707092285156,54.59199142456055,54.212242126464844,3345024,2021-10-15
54.96705627441406,55.59553909301758,54.8403434753418,55.068424224853516,54.685359954833984,5004909,2021-10-18
55.34718704223633,56.234161376953125,55.068424224853516,56.163204193115234,55.772525787353516,7436829,2021-10-19
56.35073471069336,56.75114059448242,56.11758804321289,56.57881546020508,56.185245513916016,7434461,2021-10-20
56.51292419433594,57.526607513427734,56.29498291015625,57.2630500793457,56.86471939086914,7329695,2021-10-21
57.19209289550781,58.1702995300293,57.095794677734375,58.05372619628906,57.64989471435547,5251140,2021-10-22
58.18550491333008,58.28687286376953,56.867713928222656,56.913330078125,56.517433166503906,13385424,2021-10-25
57.080589294433594,57.19716262817383,55.8236198425293,55.85909652709961,55.47053146362305,5858824,2021-10-26
55.64622497558594,55.85403060913086,54.698429107666016,54.9366455078125,54.55449676513672,7104576,2021-10-27
55.631019592285156,55.970603942871094,55.139381408691406,55.793209075927734,55.40510177612305,6544638,2021-10-28
55.357322692871094,56.6903190612793,55.357322692871094,55.74759292602539,55.35980224609375,8913619,2021-10-29
55.423213958740234,56.548404693603516,55.423213958740234,56.51799392700195,56.124847412109375,6635002,2021-11-01
56.65999984741211,57.34000015258789,53.0099983215332,54.61000061035156,54.230125427246094,18238300,2021-11-02
55.0099983215332,55.34000015258789,54.27000045776367,55.20000076293945,54.81602096557617,9923000,2021-11-03
55.02000045776367,55.45000076293945,53.7599983215332,54.56999969482422,54.19040298461914,5980600,2021-11-04
54.810001373291016,56.43000030517578,54.59000015258789,56.36000061035156,55.967952728271484,7625100,2021-11-05
56.369998931884766,56.720001220703125,55.27000045776367,55.529998779296875,55.14372253417969,4450600,2021-11-08
55.45000076293945,56.279998779296875,55.0099983215332,56.08000183105469,55.68989944458008,3980100,2021-11-09
55.95000076293945,57.18000030517578,55.91999816894531,56.619998931884766,56.22614288330078,5205200,2021-11-10
56.72999954223633,57.18000030517578,55.97999954223633,56.189998626708984,55.79913330078125,3695300,2021-11-11
56.36000061035156,56.58000183105469,55.84000015258789,56.0,55.61045455932617,3945600,2021-11-12
56.470001220703125,57.540000915527344,56.279998779296875,56.70000076293945,56.30558776855469,7123900,2021-11-15
56.75,57.119998931884766,56.5099983215332,56.70000076293945,56.30558776855469,6305700,2021-11-16
56.900001525878906,57.20000076293945,55.95000076293945,56.0,55.61045455932617,3566600,2021-11-17
55.90999984741211,56.68000030517578,55.540000915527344,55.900001525878906,55.51115036010742,5020300,2021-11-18
55.86000061035156,56.0,54.970001220703125,55.02000045776367,54.637271881103516,3828900,2021-11-19
55.33000183105469,55.68000030517578,54.31999969482422,55.130001068115234,54.74650955200195,6228400,2021-11-22
54.970001220703125,55.220001220703125,54.20000076293945,54.66999816894531,54.289703369140625,4646700,2021-11-23
55.349998474121094,58.0,54.79999923706055,57.29999923706055,56.90141296386719,13025100,2021-11-24
56.5,57.72999954223633,55.9900016784668,56.18000030517578,55.78920364379883,3858600,2021-11-26
57.04999923706055,57.869998931884766,56.459999084472656,57.56999969482422,57.169532775878906,5353600,2021-11-29
57.529998779296875,57.849998474121094,55.720001220703125,56.470001220703125,56.077186584472656,9760600,2021-11-30
56.9900016784668,57.25,55.58000183105469,55.70000076293945,55.31254196166992,6301600,2021-12-01
55.5,57.27000045776367,55.5,57.150001525878906,56.75245666503906,6671100,2021-12-02
57.5,58.63999938964844,57.43000030517578,58.47999954223633,58.073204040527344,8107200,2021-12-03
58.75,59.29999923706055,58.13999938964844,58.75,58.34132385253906,5165000,2021-12-06
59.25,59.4900016784668,58.20000076293945,58.90999984741211,58.500213623046875,4197500,2021-12-07
59.0,59.0,57.91999816894531,58.400001525878906,57.9937629699707,3505900,2021-12-08
58.349998474121094,58.58000183105469,57.59000015258789,57.650001525878906,57.24897766113281,4445000,2021-12-09
57.65999984741211,58.06999969482422,57.11000061035156,57.599998474121094,57.19932556152344,3037400,2021-12-10
57.150001525878906,57.4900016784668,55.65999984741211,55.720001220703125,55.33240509033203,3542400,2021-12-13
54.689998626708984,55.15999984741211,54.2599983215332,54.630001068115234,54.24998474121094,4771500,2021-12-14
55.040000915527344,56.06999969482422,54.45000076293945,56.040000915527344,55.650177001953125,3518100,2021-12-15
56.25,56.439998626708984,54.95000076293945,54.9900016784668,54.60748291015625,2863300,2021-12-16
54.91999816894531,55.029998779296875,54.060001373291016,54.650001525878906,54.26984786987305,5389000,2021-12-17
54.0099983215332,54.16999816894531,53.08000183105469,53.599998474121094,53.227149963378906,3697400,2021-12-20
54.31999969482422,55.47999954223633,53.939998626708984,55.45000076293945,55.06428146362305,3567200,2021-12-21
55.31999969482422,55.75,54.84000015258789,55.369998931884766,54.98483657836914,3787400,2021-12-22
55.599998474121094,56.25,55.43000030517578,55.880001068115234,55.49129104614258,2885900,2021-12-23
56.04999923706055,56.779998779296875,56.04999923706055,56.599998474121094,56.20627975463867,2009400,2021-12-27
56.54999923706055,57.34000015258789,56.54999923706055,56.95000076293945,56.55384826660156,2353700,2021-12-28
57.0099983215332,57.79999923706055,56.9900016784668,57.04999923706055,56.65314865112305,2207800,2021-12-29
57.0099983215332,57.119998931884766,56.459999084472656,56.5099983215332,56.116905212402344,1581300,2021-12-30
56.43000030517578,56.68000030517578,56.15999984741211,56.16999816894531,55.77927017211914,1252900,2021-12-31
56.15999984741211,57.099998474121094,56.150001525878906,56.97999954223633,56.58363723754883,2906500,2022-01-03
57.25,59.0,57.25,58.4900016784668,58.08313751220703,5745700,2022-01-04
58.369998931884766,59.5,57.869998931884766,57.97999954223633,57.576683044433594,6049000,2022-01-05
57.97999954223633,58.70000076293945,57.58000183105469,58.040000915527344,57.63626480102539,3751300,2022-01-06
58.099998474121094,58.470001220703125,57.31999969482422,57.9900016784668,57.586612701416016,3516200,2022-01-07
59.16999816894531,60.0099983215332,58.61000061035156,59.880001068115234,59.46346664428711,10511600,2022-01-10
60.0,60.68000030517578,59.72999954223633,60.25,59.83089065551758,7313500,2022-01-11
60.45000076293945,60.5099983215332,59.119998931884766,59.95000076293945,59.53297805786133,3098100,2022-01-12
60.5,60.72999954223633,59.869998931884766,60.16999816894531,59.75144577026367,4133000,2022-01-13
59.97999954223633,60.77000045776367,59.63999938964844,60.529998779296875,60.108943939208984,5790400,2022-01-14
60.279998779296875,60.810001373291016,59.400001525878906,59.47999954223633,59.066246032714844,5053900,2022-01-18
60.0,60.459999084472656,57.93000030517578,57.959999084472656,57.556819915771484,3957500,2022-01-19
58.22999954223633,59.04999923706055,57.349998474121094,57.400001525878906,57.00071716308594,2893700,2022-01-20
57.22999954223633,57.25,55.2599983215332,55.56999969482422,55.18344497680664,4212100,2022-01-21
54.779998779296875,55.59000015258789,53.43000030517578,55.41999816894531,55.034488677978516,5523700,2022-01-24
54.849998474121094,56.029998779296875,53.599998474121094,55.439998626708984,55.05434799194336,4421900,2022-01-25
56.189998626708984,56.72999954223633,54.95000076293945,55.34000015258789,54.955047607421875,3126700,2022-01-26
55.84000015258789,57.599998474121094,55.04999923706055,55.45000076293945,55.06428146362305,4359300,2022-01-27
55.45000076293945,56.380001068115234,54.709999084472656,56.2400016784668,55.848785400390625,3920500,2022-01-28
56.220001220703125,56.810001373291016,55.95000076293945,56.810001373291016,56.41482162475586,3319000,2022-01-31
56.880001068115234,58.619998931884766,56.4900016784668,58.56999969482422,58.16257858276367,3395200,2022-02-01
58.9900016784668,59.709999084472656,58.65999984741211,59.400001525878906,58.9868049621582,3886500,2022-02-02
58.90999984741211,60.099998474121094,58.84000015258789,59.20000076293945,58.7881965637207,2814900,2022-02-03
59.08000183105469,59.310001373291016,58.25,58.7400016784668,58.331398010253906,1952100,2022-02-04
59.08000183105469,59.630001068115234,58.84000015258789,58.959999084472656,58.54986572265625,2132500,2022-02-07
59.11000061035156,60.029998779296875,58.619998931884766,59.95000076293945,59.53297805786133,2933500,2022-02-08
60.290000915527344,61.0,60.060001373291016,60.77000045776367,60.34727478027344,3346900,2022-02-09
60.439998626708984,61.540000915527344,60.13999938964844,60.720001220703125,60.29762268066406,3676800,2022-02-10
60.75,61.29999923706055,59.349998474121094,59.5099983215332,59.096038818359375,2449800,2022-02-11
59.20000076293945,59.650001525878906,58.22999954223633,58.599998474121094,58.19236755371094,2902500,2022-02-14
58.900001525878906,60.43000030517578,58.86000061035156,59.81999969482422,59.40388107299805,3400900,2022-02-15
59.36000061035156,60.540000915527344,59.33000183105469,60.290000915527344,59.87061309814453,3001700,2022-02-16
60.220001220703125,60.369998931884766,59.2400016784668,59.2599983215332,58.847774505615234,2716100,2022-02-17
59.25,59.90999984741211,58.7599983215332,58.900001525878906,58.49028396606445,3198000,2022-02-18
58.349998474121094,59.029998779296875,56.90999984741211,57.130001068115234,56.73259735107422,3316400,2022-02-22
57.689998626708984,58.380001068115234,56.54999923706055,56.779998779296875,56.38502883911133,3477400,2022-02-23
55.09000015258789,55.959999084472656,54.369998931884766,55.84000015258789,55.451568603515625,6516000,2022-02-24
50.75,53.04999923706055,49.15999984741211,51.459999084472656,51.10203552246094,14711100,2022-02-25
50.810001373291016,52.0099983215332,50.310001373291016,50.959999084472656,50.60551452636719,6844300,2022-02-28
50.02000045776367,50.540000915527344,49.599998474121094,49.880001068115234,49.53302764892578,5359800,2022-03-01
50.470001220703125,53.849998474121094,50.27000045776367,53.599998474121094,53.227149963378906,6072200,2022-03-02
53.380001068115234,53.95000076293945,52.470001220703125,52.59000015258789,52.22417449951172,4004200,2022-03-03
52.08000183105469,52.4900016784668,51.400001525878906,51.959999084472656,51.59855651855469,2984600,2022-03-04
51.41999816894531,51.7400016784668,48.97999954223633,49.33000183105469,48.986854553222656,4649800,2022-03-07
49.75,51.52000045776367,49.04999923706055,50.2400016784668,49.890525817871094,5920600,2022-03-08
51.45000076293945,52.560001373291016,51.130001068115234,51.97999954223633,51.6184196472168,4199800,2022-03-09
51.310001373291016,52.20000076293945,51.029998779296875,51.970001220703125,51.608489990234375,3590400,2022-03-10
52.0,52.72999954223633,51.540000915527344,52.0099983215332,51.64820861816406,2977400,2022-03-11
51.86000061035156,52.560001373291016,50.380001068115234,50.7400016784668,50.387046813964844,3406400,2022-03-14
50.7400016784668,52.20000076293945,50.560001373291016,52.08000183105469,51.71772384643555,2477400,2022-03-15
51.52000045776367,52.43000030517578,50.619998931884766,51.970001220703125,51.608489990234375,5130700,2022-03-16
51.43000030517578,51.459999084472656,49.52000045776367,50.5099983215332,50.15864181518555,5634300,2022-03-17
50.40999984741211,51.88999938964844,50.029998779296875,51.83000183105469,51.46946334838867,4907200,2022-03-18
51.75,52.970001220703125,51.68000030517578,52.31999969482422,51.9560546875,3853500,2022-03-21
52.439998626708984,53.33000183105469,52.29999923706055,52.9900016784668,52.621395111083984,2764900,2022-03-22
52.56999969482422,53.38999938964844,52.5,52.599998474121094,52.23410415649414,2895900,2022-03-23
52.630001068115234,53.849998474121094,52.43000030517578,53.5099983215332,53.13777542114258,2806000,2022-03-24
53.5,54.880001068115234,53.36000061035156,54.790000915527344,54.40887451171875,3715400,2022-03-25
54.25,54.58000183105469,53.720001220703125,54.29999923706055,53.922279357910156,2892100,2022-03-28
54.790000915527344,55.29999923706055,54.310001373291016,55.029998779296875,54.64720153808594,3417800,2022-03-29
54.70000076293945,55.25,54.18000030517578,54.31999969482422,53.942142486572266,2829000,2022-03-30
51.29999923706055,51.66999816894531,50.16999816894531,50.189998626708984,49.84086990356445,6459300,2022-03-31
48.56999969482422,49.0,47.61000061035156,48.79999923706055,48.46053695678711,8086300,2022-04-01
48.939998626708984,49.84000015258789,48.75,49.380001068115234,49.03650665283203,3326400,2022-04-04
48.86000061035156,49.59000015258789,48.65999984741211,48.65999984741211,48.32151412963867,3335000,2022-04-05
48.2400016784668,48.439998626708984,46.75,47.119998931884766,46.7922248840332,6815300,2022-04-06
47.52000045776367,48.709999084472656,46.93000030517578,47.689998626708984,47.35826110839844,6182900,2022-04-07
47.439998626708984,48.099998474121094,47.119998931884766,47.38999938964844,47.06034851074219,3707700,2022-04-08
46.93000030517578,48.029998779296875,46.75,46.95000076293945,46.623409271240234,3663000,2022-04-11
47.029998779296875,47.779998779296875,47.0099983215332,47.099998474121094,46.772361755371094,3970200,2022-04-12
46.939998626708984,47.720001220703125,46.90999984741211,47.310001373291016,46.98090362548828,3200100,2022-04-13
47.15999984741211,47.689998626708984,46.88999938964844,46.939998626708984,46.61347579956055,3678200,2022-04-14
46.70000076293945,47.81999969482422,46.630001068115234,47.439998626708984,47.1099967956543,3565000,2022-04-18
47.150001525878906,48.150001525878906,47.06999969482422,47.9900016784668,47.9900016784668,4394000,2022-04-19
48.5,49.619998931884766,48.5,49.0,49.0,3039900,2022-04-20
49.15999984741211,49.4900016784668,47.900001525878906,48.209999084472656,48.209999084472656,3098800,2022-04-21
48.0099983215332,48.0099983215332,46.83000183105469,46.869998931884766,46.869998931884766,4111900,2022-04-22
46.540000915527344,47.290000915527344,45.939998626708984,47.27000045776367,47.27000045776367,6537200,2022-04-25
46.97999954223633,47.68000030517578,46.470001220703125,46.5099983215332,46.5099983215332,4114600,2022-04-26
46.5099983215332,47.31999969482422,45.72999954223633,46.54999923706055,46.54999923706055,3404400,2022-04-27
47.130001068115234,48.43000030517578,46.86000061035156,48.119998931884766,48.119998931884766,2604600,2022-04-28
47.7400016784668,49.220001220703125,46.93000030517578,47.0099983215332,47.0099983215332,4124000,2022-04-29
46.7599983215332,47.540000915527344,46.400001525878906,47.5,47.5,3573200,2022-05-02
47.650001525878906,48.2599983215332,47.220001220703125,47.849998474121094,47.849998474121094,2943600,2022-05-03
48.16999816894531,49.040000915527344,47.22999954223633,48.810001373291016,48.810001373291016,4166600,2022-05-04
48.650001525878906,48.86000061035156,46.90999984741211,47.2599983215332,47.2599983215332,3264300,2022-05-05
